frame,x,y,confidence
0,834,309,0.9997653365135193
1,834,309,0.9997676014900208
2,834,309,0.9997722506523132
3,834,309,0.9997861981391907
4,834,309,0.9997901320457458
5,834,309,0.9997960925102234
6,834,309,0.9998056292533875
7,834,309,0.999808132648468
8,834,309,0.9998145699501038
9,354,333,0.9998125433921814
10,354,333,0.9998308420181274
11,354,333,0.9997963309288025
12,354,333,0.9998123049736023
13,354,333,0.9998179078102112
14,354,333,0.9998213648796082
15,354,333,0.9998244643211365
16,354,333,0.9998459815979004
17,786,309,0.9998447895050049
18,810,309,0.9997383952140808
19,810,309,0.9997661709785461
20,810,309,0.99979168176651
21,786,309,0.9997778534889221
22,786,309,0.9997785687446594
23,378,333,0.9997702240943909
24,378,333,0.9997877478599548
25,378,333,0.9998051524162292
26,378,333,0.9998088479042053
27,378,333,0.9998037219047546
28,786,309,0.9997960925102234
29,786,309,0.9997878670692444
30,786,309,0.9997839331626892
31,786,309,0.9997739195823669
32,786,309,0.9997794032096863
33,1674,333,0.9997816681861877
34,402,333,0.9997522234916687
35,402,333,0.9997803568840027
36,402,333,0.999794065952301
37,402,333,0.9997864365577698
38,210,117,0.9998069405555725
39,402,333,0.9997723698616028
40,1698,333,0.9997709393501282
41,1698,333,0.9997588992118835
42,306,357,0.9997432827949524
43,426,333,0.9997729659080505
44,426,333,0.99978107213974
45,426,333,0.9997910857200623
46,426,333,0.9998111128807068
47,426,333,0.9998136162757874
48,426,333,0.9998142123222351
49,426,333,0.999817430973053
50,426,333,0.999821126461029
51,426,333,0.9998136162757874
52,306,357,0.9998341798782349
53,306,357,0.9998430013656616
54,306,357,0.9998500347137451
55,306,357,0.9998326301574707
56,306,357,0.9998311996459961
57,306,357,0.9997907280921936
58,306,357,0.9997796416282654
59,1218,333,0.9998086094856262
60,1218,333,0.9998014569282532
61,570,261,0.999792754650116
62,1194,333,0.9997884631156921
63,1194,333,0.9997972846031189
64,330,357,0.9998003840446472
65,330,357,0.9998083710670471
66,330,357,0.9998154044151306
67,330,357,0.9998074173927307
68,330,357,0.9997929930686951
69,1146,333,0.999790608882904
70,1122,333,0.9997780919075012
71,1122,333,0.9997691512107849
72,1122,333,0.9997405409812927
73,1074,333,0.9997531771659851
74,1074,333,0.9997828602790833
75,1074,333,0.9997863173484802
76,144,741,0.9998194575309753
77,186,741,0.9998754262924194
78,186,741,0.9998904466629028
79,186,741,0.9998903274536133
80,186,741,0.9998903274536133
81,186,741,0.9998902082443237
82,186,741,0.9998904466629028
83,186,741,0.9998905658721924
84,186,741,0.9998904466629028
85,186,741,0.9998906850814819
86,186,741,0.9998915195465088
87,186,741,0.9998905658721924
88,186,741,0.9998906850814819
89,186,741,0.9998910427093506
90,186,741,0.9998917579650879
91,186,741,0.9998911619186401
92,186,741,0.9998914003372192
93,186,741,0.9998910427093506
94,186,741,0.9998906850814819
95,186,741,0.9998912811279297
96,186,741,0.9998914003372192
97,186,741,0.9998911619186401
98,186,741,0.9998912811279297
99,186,741,0.9998914003372192
100,186,741,0.9998916387557983
101,186,741,0.9998914003372192
102,186,741,0.9998918771743774
103,186,741,0.9998914003372192
104,186,741,0.9998910427093506
105,186,741,0.9998910427093506
106,186,741,0.9998906850814819
107,186,741,0.9998903274536133
108,186,741,0.999889612197876
109,186,741,0.9998905658721924
110,186,741,0.9998898506164551
111,186,741,0.9998912811279297
112,186,741,0.9998914003372192
113,186,741,0.9998915195465088
114,186,741,0.9998916387557983
115,186,741,0.999891996383667
116,186,741,0.9998906850814819
117,186,741,0.9998910427093506
118,186,741,0.999890923500061
119,186,741,0.9998912811279297
120,186,741,0.9998916387557983
121,186,741,0.9998922348022461
122,186,741,0.9998916387557983
123,186,741,0.9998922348022461
124,186,741,0.9998918771743774
125,186,741,0.9998929500579834
126,186,741,0.9998925924301147
127,186,741,0.9998910427093506
128,186,741,0.999886155128479
129,186,741,0.9998855590820312
130,186,741,0.9998904466629028
131,186,741,0.9998894929885864
132,186,741,0.9998908042907715
133,186,741,0.9998914003372192
134,186,741,0.9998917579650879
135,186,741,0.9998918771743774
136,186,741,0.9998918771743774
137,186,741,0.9998914003372192
138,186,741,0.999891996383667
139,186,741,0.999893069267273
140,186,741,0.9998929500579834
141,186,741,0.9998924732208252
142,186,741,0.9998929500579834
143,186,741,0.9998911619186401
144,186,741,0.9998908042907715
145,186,741,0.9998904466629028
146,186,741,0.999890923500061
147,186,741,0.9998916387557983
148,186,741,0.9998918771743774
149,186,741,0.9998914003372192
150,186,741,0.9998916387557983
151,186,741,0.9998904466629028
152,186,741,0.9998911619186401
153,186,741,0.999890923500061
154,186,741,0.9998910427093506
155,186,741,0.9998906850814819
156,186,741,0.999890923500061
157,186,741,0.9998917579650879
158,186,741,0.9998910427093506
159,186,741,0.9998910427093506
160,186,741,0.9998903274536133
161,186,741,0.9998905658721924
162,186,741,0.999890923500061
163,186,741,0.9998912811279297
164,186,741,0.999891996383667
165,186,741,0.9998923540115356
166,186,741,0.999893307685852
167,186,741,0.9998924732208252
168,186,741,0.9998918771743774
169,186,741,0.9998922348022461
170,186,741,0.9998924732208252
171,186,741,0.9998917579650879
172,186,741,0.9998923540115356
173,186,741,0.9998927116394043
174,186,741,0.999891996383667
175,186,741,0.999891996383667
176,186,741,0.9998922348022461
177,234,813,0.9999704360961914
178,186,741,0.9999008178710938
179,186,741,0.9999181032180786
180,138,813,0.9998830556869507
181,114,783,0.9997863173484802
182,786,189,0.9997531771659851
183,330,213,0.999794065952301
184,306,213,0.9997972846031189
185,306,213,0.9998310804367065
186,282,213,0.9998125433921814
187,282,213,0.99978107213974
188,1242,189,0.9997811913490295
189,1170,189,0.9997759461402893
190,498,165,0.9997883439064026
191,354,189,0.9997898936271667
192,786,165,0.9997441172599792
193,330,189,0.999782383441925
194,474,165,0.9997597336769104
195,306,189,0.999813973903656
196,306,189,0.9997901320457458
197,282,189,0.999829888343811
198,282,189,0.9998200535774231
199,1170,165,0.9997918009757996
200,1242,165,0.9997876286506653
201,1242,165,0.9997937083244324
202,1530,165,0.9997730851173401
203,1530,165,0.9998076558113098
204,1530,165,0.9997673630714417
205,354,165,0.9997530579566956
206,354,165,0.9997710585594177
207,810,141,0.9997956156730652
208,810,141,0.9997894167900085
209,810,141,0.9997678399085999
210,354,165,0.9997561573982239
211,882,141,0.9997897744178772
212,882,141,0.9997901320457458
213,882,141,0.9997994303703308
214,882,141,0.9998008608818054
215,882,141,0.9998019337654114
216,882,141,0.9998002648353577
217,882,141,0.9997972846031189
218,882,141,0.9998176693916321
219,882,141,0.9998078942298889
220,882,141,0.9998088479042053
221,882,141,0.9998071789741516
222,882,141,0.9998082518577576
223,882,141,0.9997963309288025
224,810,141,0.9997802376747131
225,810,141,0.9998018145561218
226,810,141,0.9998239874839783
227,810,141,0.9998276233673096
228,810,141,0.9998699426651001
229,1770,165,0.9997681975364685
230,258,189,0.9997538924217224
231,258,189,0.9997649788856506
232,258,189,0.9997574687004089
233,42,573,0.9998065829277039
234,30,357,0.9999165534973145
235,594,765,0.999954342842102
236,798,765,0.9999566078186035
237,342,309,0.999971866607666
238,534,249,0.9999459981918335
239,714,237,0.9999300241470337
240,738,213,0.999900221824646
241,834,165,0.9999281167984009
242,834,165,0.9999251365661621
243,834,165,0.9999271631240845
244,834,165,0.9999271631240845
245,882,237,0.9999656677246094
246,930,693,0.9998965263366699
247,402,189,0.9999295473098755
248,1242,573,0.999941349029541
249,234,261,0.9998899698257446
250,210,237,0.9999101161956787
251,42,309,0.9998960494995117
252,42,213,0.99982088804245
253,1170,213,0.9997797608375549
254,474,261,0.9997386336326599
255,474,261,0.9997448325157166
256,1194,213,0.9997768998146057
257,474,261,0.999749481678009
258,474,261,0.9997530579566956
259,618,237,0.9997639060020447
260,1194,213,0.99980229139328
261,618,237,0.9997954964637756
262,1218,213,0.9997910857200623
263,618,237,0.9997928738594055
264,834,117,0.9998134970664978
265,834,117,0.9997782111167908
266,1218,213,0.9997653365135193
267,1218,213,0.9997585415840149
268,1338,213,0.9997555613517761
269,1242,213,0.9998169541358948
270,1290,213,0.999756395816803
271,1242,213,0.9998236298561096
272,642,237,0.999786913394928
273,642,237,0.999782383441925
274,642,237,0.9998000264167786
275,1770,237,0.9998220801353455
276,858,117,0.9997654557228088
277,1266,213,0.9997628331184387
278,1266,213,0.9997966885566711
279,1314,213,0.9997605681419373
280,1314,213,0.9997673630714417
281,1314,213,0.9997722506523132
282,1314,213,0.9997820258140564
283,666,237,0.9997408986091614
284,666,237,0.9997615218162537
285,1266,213,0.9997766613960266
286,1242,213,0.9997655749320984
287,1242,213,0.9997639060020447
288,1242,213,0.9997653365135193
289,1242,213,0.9997671246528625
290,1866,237,0.999748170375824
291,1170,213,0.9997503161430359
292,1170,213,0.9997647404670715
293,1170,213,0.9997772574424744
294,1170,213,0.9997907280921936
295,1170,213,0.9997774958610535
296,1170,213,0.9997538924217224
297,594,261,0.9997459053993225
298,1818,237,0.9997394680976868
299,1818,237,0.9997420907020569
300,1842,237,0.9997544884681702
301,1818,237,0.9997660517692566
302,1818,237,0.9997814297676086
303,858,141,0.9997866749763489
304,1794,237,0.9997498393058777
305,1794,237,0.9997450709342957
306,1770,237,0.9997431635856628
307,1698,237,0.9997633099555969
308,1698,237,0.9997722506523132
309,1698,237,0.9997832179069519
310,1698,237,0.9997863173484802
311,1698,237,0.9997710585594177
312,1698,237,0.9997456669807434
313,546,285,0.9997326731681824
314,546,285,0.9997552037239075
315,1602,237,0.9997548460960388
316,546,285,0.9997462630271912
317,666,261,0.9997594952583313
318,1314,237,0.9997801184654236
319,1314,237,0.9998095631599426
320,1314,237,0.9997926354408264
321,1314,237,0.9997937083244324
322,1314,237,0.9998036026954651
323,1314,237,0.9997923970222473
324,1314,237,0.9997838139533997
325,1314,237,0.9997848868370056
326,690,261,0.9997819066047668
327,690,261,0.9997715353965759
328,690,261,0.9997360110282898
329,1314,237,0.9997592568397522
330,1314,237,0.9997902512550354
331,1314,237,0.9997844099998474
332,1290,237,0.9997698664665222
333,1242,237,0.9997628331184387
334,1242,237,0.9997783303260803
335,1242,237,0.9997696280479431
336,1242,237,0.9997708201408386
337,1218,237,0.9997593760490417
338,1218,237,0.9997701048851013
339,1218,237,0.9997830986976624
340,1218,237,0.9997898936271667
341,1218,237,0.9997879862785339
342,1218,237,0.9997850060462952
343,1218,237,0.9997878670692444
344,1218,237,0.999792754650116
345,1218,237,0.9997860789299011
346,1218,237,0.9997794032096863
347,1218,237,0.9997679591178894
348,594,285,0.9997625946998596
349,594,285,0.9997578263282776
350,1218,237,0.9997586607933044
351,594,285,0.9997546076774597
352,594,285,0.9997605681419373
353,1218,237,0.9997507929801941
354,594,285,0.9997523427009583
355,1218,237,0.9997507929801941
356,1218,237,0.9997506737709045
357,1218,237,0.9997479319572449
358,1242,237,0.9997443556785583
359,1242,237,0.9997352957725525
360,1242,237,0.9997221827507019
361,714,261,0.9997428059577942
362,714,261,0.9997678399085999
363,714,261,0.9997820258140564
364,714,261,0.9997727274894714
365,714,261,0.999743640422821
366,906,141,0.9997205138206482
367,906,141,0.9997623562812805
368,906,141,0.9997873902320862
369,690,261,0.9997864365577698
370,690,261,0.9997337460517883
371,1530,237,0.9997689127922058
372,666,261,0.9997381567955017
373,522,285,0.9997039437294006
374,546,285,0.9996693134307861
375,498,285,0.9997367262840271
376,1554,237,0.9998416900634766
377,78,189,0.999919056892395
378,594,765,0.9999556541442871
379,798,765,0.9999526739120483
380,342,309,0.9999701976776123
381,534,249,0.9999382495880127
382,726,237,0.999937891960144
383,738,213,0.9999089241027832
384,834,165,0.9999251365661621
385,834,165,0.9999258518218994
386,834,165,0.9999260902404785
387,714,237,0.999940037727356
388,810,885,0.999957799911499
389,522,117,0.9999051094055176
390,378,357,0.9999358654022217
391,1242,525,0.9999451637268066
392,198,117,0.9999457597732544
393,150,129,0.999925971031189
394,42,261,0.9998917579650879
395,42,405,0.9998670816421509
396,834,333,0.9997345805168152
397,1482,333,0.9997560381889343
398,1842,357,0.9997068047523499
399,426,357,0.9998282194137573
400,450,357,0.9996603727340698
401,450,357,0.9996885061264038
402,1674,357,0.9997320771217346
403,1602,357,0.9997847676277161
404,1602,357,0.9998360872268677
405,1578,357,0.999762237071991
406,738,333,0.9997546076774597
407,1902,369,0.9996991157531738
408,522,357,0.9996687173843384
409,522,357,0.9996213912963867
410,120,135,0.9996205568313599
411,1314,357,0.9996621608734131
412,1338,357,0.9996204376220703
413,120,135,0.9996275901794434
414,120,135,0.9996167421340942
415,1170,357,0.9996331930160522
416,1170,357,0.9996538162231445
417,120,135,0.9996151924133301
418,1026,357,0.9996520280838013
419,1026,357,0.999650239944458
420,978,357,0.9996840953826904
421,978,357,0.9996798038482666
422,978,357,0.999710738658905
423,1506,357,0.9996803998947144
424,474,381,0.9997569918632507
425,906,357,0.9997114539146423
426,1866,381,0.9997472167015076
427,1866,381,0.9997825026512146
428,1866,381,0.9997867941856384
429,1866,381,0.9997830986976624
430,498,381,0.9997813105583191
431,1866,381,0.9997289776802063
432,498,381,0.9997279047966003
433,1674,381,0.9996160268783569
434,498,381,0.9996294975280762
435,120,135,0.999610960483551
436,510,381,0.9996466636657715
437,1698,381,0.9996777772903442
438,1602,381,0.999666690826416
439,1602,381,0.9996874332427979
440,522,381,0.9996823072433472
441,1602,381,0.9996503591537476
442,522,381,0.9997143149375916
443,522,381,0.9997710585594177
444,522,381,0.9997937083244324
445,522,381,0.999777615070343
446,522,381,0.9997074007987976
447,1062,369,0.9997288584709167
448,522,381,0.9996659755706787
449,1602,381,0.999692440032959
450,546,381,0.9996880292892456
451,1722,381,0.9997187256813049
452,1722,381,0.9997666478157043
453,546,381,0.999749481678009
454,1722,381,0.9997113347053528
455,546,381,0.9997867941856384
456,1698,381,0.9997902512550354
457,546,381,0.9997796416282654
458,546,381,0.9998095631599426
459,1674,381,0.9997318387031555
460,1674,381,0.9997379183769226
461,570,381,0.9998382329940796
462,1626,381,0.9997574687004089
463,570,381,0.9997807145118713
464,570,381,0.9997525811195374
465,1626,381,0.9997163414955139
466,570,381,0.9997771382331848
467,570,381,0.9997323155403137
468,570,381,0.999729573726654
469,594,381,0.9996334314346313
470,594,381,0.9996830224990845
471,594,381,0.9996846914291382
472,594,381,0.9997346997261047
473,120,135,0.9996272325515747
474,594,381,0.9997649788856506
475,1692,387,0.9997110962867737
476,594,381,0.9996552467346191
477,618,381,0.9996421337127686
478,618,381,0.9996490478515625
479,618,381,0.999693751335144
480,618,381,0.9997642636299133
481,618,381,0.9997921586036682
482,618,381,0.9997298121452332
483,618,381,0.9997888207435608
484,642,381,0.999708354473114
485,642,381,0.9997044205665588
486,642,381,0.9997065663337708
487,642,381,0.999670147895813
488,642,381,0.9997082352638245
489,1722,393,0.999775230884552
490,1434,381,0.9996476173400879
491,666,381,0.9996945858001709
492,666,381,0.9997268319129944
493,666,381,0.9997267127037048
494,666,381,0.9997441172599792
495,666,381,0.9997795224189758
496,666,381,0.999731719493866
497,666,381,0.9997521042823792
498,666,381,0.9996947050094604
499,666,381,0.9996962547302246
500,666,381,0.9997089505195618
501,1638,381,0.9997819066047668
502,666,381,0.9996885061264038
503,1842,405,0.9996911287307739
504,666,381,0.9997085928916931
505,1650,381,0.9998219609260559
506,690,381,0.9997182488441467
507,666,381,0.9997231364250183
508,666,381,0.9997846484184265
509,666,381,0.9997977614402771
510,666,381,0.9996945858001709
511,666,381,0.9997598528862
512,1674,381,0.999776303768158
513,666,381,0.9997726082801819
514,690,381,0.9996800422668457
515,1686,381,0.9997795224189758
516,666,381,0.9996727705001831
517,120,111,0.9996211528778076
518,1698,381,0.999783456325531
519,666,381,0.9997896552085876
520,666,381,0.9997708201408386
521,666,381,0.9996861219406128
522,666,381,0.9997740387916565
523,666,381,0.9997833371162415
524,666,381,0.9996225833892822
525,666,381,0.9996689558029175
526,666,381,0.9997766613960266
527,666,381,0.9997426867485046
528,666,381,0.9997120499610901
529,666,381,0.9997345805168152
530,666,381,0.9997697472572327
531,666,381,0.9997645020484924
532,666,381,0.9997550845146179
533,666,381,0.9997251629829407
534,666,381,0.9996938705444336
535,666,381,0.9997032284736633
536,666,381,0.9997137188911438
537,666,381,0.9997184872627258
538,666,381,0.9997124075889587
539,666,381,0.999707043170929
540,666,381,0.9996854066848755
541,666,381,0.9996724128723145
542,666,381,0.9996793270111084
543,666,381,0.999683141708374
544,666,381,0.9996898174285889
545,666,381,0.9996975660324097
546,666,381,0.999691367149353
547,786,357,0.9997062087059021
548,786,357,0.9996776580810547
549,786,357,0.9996562004089355
550,120,111,0.9996249675750732
551,120,111,0.9996241331100464
552,120,111,0.9996243715286255
553,120,111,0.9996240139007568
554,978,357,0.9996384382247925
555,120,111,0.9996243715286255
556,120,111,0.9996240139007568
557,120,111,0.9996241331100464
558,120,111,0.9996235370635986
559,1026,357,0.9996253252029419
560,1026,357,0.9996654987335205
561,1026,357,0.9996781349182129
562,1026,357,0.9996923208236694
563,1026,357,0.9996899366378784
564,1026,357,0.9996635913848877
565,1026,357,0.9996274709701538
566,120,111,0.9996211528778076
567,120,111,0.9996218681335449
568,120,111,0.9996212720870972
569,1098,357,0.9996190071105957
570,1098,357,0.9996510744094849
571,1098,357,0.9996203184127808
572,1482,357,0.9996260404586792
573,1074,357,0.9996410608291626
574,1098,357,0.9996649026870728
575,1098,357,0.9996774196624756
576,1098,357,0.9997256398200989
577,1098,357,0.999739944934845
578,120,111,0.999616265296936
579,120,111,0.9996168613433838
580,1818,369,0.9997163414955139
581,1818,369,0.9996806383132935
582,1146,357,0.9996572732925415
583,1830,369,0.9997071623802185
584,1830,369,0.9997159838676453
585,1830,369,0.9996776580810547
586,738,357,0.9996905326843262
587,738,357,0.9996961355209351
588,738,357,0.9997542500495911
589,738,357,0.9997770190238953
590,738,357,0.9997788071632385
591,738,357,0.9997887015342712
592,738,357,0.999731719493866
593,1050,357,0.999663233757019
594,738,357,0.9996414184570312
595,120,111,0.9996163845062256
596,714,357,0.9996854066848755
597,714,357,0.999713122844696
598,714,357,0.9997548460960388
599,714,357,0.9997705817222595
600,714,357,0.9997336268424988
601,714,357,0.9997404217720032
602,714,357,0.9997183680534363
603,690,357,0.9997676014900208
604,690,357,0.9997702240943909
605,690,357,0.9997326731681824
606,690,357,0.9997066855430603
607,690,357,0.9996672868728638
608,1818,357,0.9996896982192993
609,1842,357,0.9997274279594421
610,1866,357,0.9997046589851379
611,1866,357,0.9998041987419128
612,1866,357,0.9998331069946289
613,1866,357,0.999747097492218
614,642,357,0.999782145023346
615,642,357,0.9997640252113342
616,642,357,0.9997755885124207
617,642,357,0.9997934699058533
618,642,357,0.9997615218162537
619,642,357,0.9997712969779968
620,618,357,0.9997294545173645
621,618,357,0.999790370464325
622,618,357,0.9996975660324097
623,1650,357,0.9996594190597534
624,1026,333,0.9996942281723022
625,594,357,0.999731719493866
626,786,285,0.9997350573539734
627,786,285,0.9997395873069763
628,1530,333,0.9997016787528992
629,1530,333,0.9997223019599915
630,1554,333,0.9996967315673828
631,858,285,0.9997037053108215
632,1098,333,0.9997031092643738
633,594,357,0.9997088313102722
634,1170,333,0.9996634721755981
635,1170,333,0.9997197985649109
636,1170,333,0.9996851682662964
637,1194,333,0.9997155070304871
638,666,333,0.9997268319129944
639,666,333,0.9997666478157043
640,666,333,0.9997692704200745
641,666,333,0.9997201561927795
642,666,333,0.9996718168258667
643,642,333,0.9996943473815918
644,642,333,0.9997822642326355
645,642,333,0.9997507929801941
646,642,333,0.9997815489768982
647,642,333,0.9997311234474182
648,642,333,0.9996815919876099
649,618,333,0.9996881484985352
650,618,333,0.9997376799583435
651,618,333,0.9997342228889465
652,618,333,0.999744713306427
653,1458,333,0.9997747540473938
654,1458,333,0.9997784495353699
655,1458,333,0.9997524619102478
656,594,333,0.9997442364692688
657,594,333,0.9996877908706665
658,594,333,0.9996553659439087
659,1338,309,0.9997010827064514
660,1338,309,0.9997357726097107
661,570,333,0.9997711777687073
662,570,333,0.9997736811637878
663,1698,333,0.999731719493866
664,1698,333,0.9997842907905579
665,738,261,0.9997449517250061
666,546,333,0.9998106360435486
667,546,333,0.9998365640640259
668,546,333,0.9998390674591064
669,930,309,0.9998605251312256
670,1722,357,0.9996535778045654
671,1722,357,0.9997798800468445
672,1722,357,0.9998062252998352
673,1722,357,0.9997949004173279
674,1722,357,0.9997904896736145
675,1746,357,0.9998014569282532
676,1746,357,0.9998188614845276
677,1746,357,0.9998276233673096
678,1746,357,0.9998043179512024
679,1770,357,0.9997997879981995
680,1770,357,0.9998226761817932
681,1770,357,0.9998013377189636
682,1770,357,0.9998044371604919
683,1770,357,0.9997914433479309
684,1794,357,0.9998010993003845
685,1794,357,0.9997885823249817
686,1818,357,0.9997898936271667
687,1818,357,0.9998641014099121
688,1794,357,0.999784529209137
689,1794,357,0.9998040795326233
690,1794,357,0.9998101592063904
691,1794,357,0.9997925162315369
692,1818,357,0.9997884631156921
693,1842,357,0.9998095631599426
694,1818,357,0.999812662601471
695,1842,357,0.9997900128364563
696,1842,357,0.9998067021369934
697,1842,357,0.9998466968536377
698,1818,357,0.9998019337654114
699,1818,357,0.9998332262039185
700,1818,357,0.9998120665550232
701,1818,357,0.9998217225074768
702,1818,357,0.9998138546943665
703,1842,357,0.9998099207878113
704,1842,357,0.9998431205749512
705,1842,357,0.9998131394386292
706,1842,357,0.9997885823249817
707,1842,357,0.9998200535774231
708,1842,357,0.9998160004615784
709,1842,357,0.9998165965080261
710,1842,357,0.9998360872268677
711,1842,357,0.9998499155044556
712,1842,357,0.9998366832733154
713,1842,357,0.999843955039978
714,1842,357,0.9998451471328735
715,1842,357,0.9998267292976379
716,1842,357,0.9998267292976379
717,1842,357,0.999832272529602
718,1842,357,0.9998348951339722
719,1842,357,0.999852180480957
720,1842,357,0.9998600482940674
721,1842,357,0.9998526573181152
722,1842,357,0.9998420476913452
723,1866,357,0.9998461008071899
724,1842,357,0.999835729598999
725,1866,357,0.9998353719711304
726,1866,357,0.9998446702957153
727,1866,357,0.9998480081558228
728,1866,357,0.9998376369476318
729,1866,357,0.9998319149017334
730,1866,357,0.9998382329940796
731,1866,357,0.9998362064361572
732,1866,357,0.9998371601104736
733,1866,357,0.9998371601104736
734,1866,357,0.999846339225769
735,1866,357,0.9998477697372437
736,1866,357,0.9998441934585571
737,1866,357,0.9998428821563721
738,1866,357,0.9998302459716797
739,1866,357,0.9998409748077393
740,1866,357,0.9998472929000854
741,1866,357,0.9998397827148438
742,1866,357,0.9998379945755005
743,1842,357,0.9998373985290527
744,1866,357,0.9998243451118469
745,1866,357,0.9998179078102112
746,1866,357,0.9998161196708679
747,378,357,0.9998031258583069
748,378,357,0.9998102784156799
749,378,357,0.9998155236244202
750,378,357,0.9998055100440979
751,858,333,0.9997910857200623
752,858,333,0.9997988343238831
753,858,333,0.9997809529304504
754,1866,357,0.9998282194137573
755,834,333,0.9997640252113342
756,834,333,0.9997797608375549
757,834,333,0.9997732043266296
758,1818,357,0.9997997879981995
759,834,333,0.9997884631156921
760,834,333,0.9997968077659607
761,834,333,0.999795138835907
762,1842,357,0.9997934699058533
763,1842,357,0.9998064637184143
764,858,333,0.99983811378479
765,858,333,0.9998403787612915
766,1842,357,0.999824583530426
767,1842,357,0.9998168349266052
768,1842,357,0.9998230338096619
769,1842,357,0.9998148083686829
770,1842,357,0.9998053908348083
771,1842,357,0.999795138835907
772,378,357,0.9997982382774353
773,378,357,0.9998008608818054
774,378,357,0.999803364276886
775,378,357,0.9998071789741516
776,378,357,0.999812662601471
777,834,333,0.9998891353607178
778,834,333,0.9998492002487183
779,834,333,0.9998168349266052
780,378,357,0.9998156428337097
781,378,357,0.9998138546943665
782,786,333,0.9998179078102112
783,786,333,0.9998248219490051
784,786,333,0.9998337030410767
785,786,333,0.9998376369476318
786,786,333,0.9998431205749512
787,786,333,0.999836802482605
788,786,333,0.9998351335525513
789,786,333,0.999840259552002
790,786,333,0.9998282194137573
791,786,333,0.9998371601104736
792,786,333,0.999811589717865
793,786,333,0.9997969269752502
794,786,333,0.9997796416282654
795,786,333,0.9997829794883728
796,786,333,0.9997683167457581
797,762,333,0.9997761845588684
798,762,333,0.9997404217720032
799,786,333,0.9997591376304626
800,786,333,0.9998601675033569
801,786,333,0.9997662901878357
802,786,333,0.9997468590736389
803,402,357,0.9997307658195496
804,402,357,0.9997383952140808
805,402,357,0.9997358918190002
806,402,357,0.9997372031211853
807,402,357,0.9997262358665466
808,402,357,0.9997312426567078
809,402,357,0.9997286200523376
810,402,357,0.9997362494468689
811,402,357,0.9997361302375793
812,762,333,0.999752938747406
813,402,357,0.9997385144233704
814,762,333,0.9997633099555969
815,402,357,0.9997326731681824
816,402,357,0.9997314810752869
817,1626,357,0.9997398257255554
818,1626,357,0.9997499585151672
819,1602,357,0.999768078327179
820,1602,357,0.9997898936271667
821,1602,357,0.9997703433036804
822,126,753,0.9999006986618042
823,126,753,0.9998989105224609
824,126,753,0.99989914894104
825,126,753,0.9998985528945923
826,126,753,0.9998973608016968
827,126,753,0.9998972415924072
828,126,753,0.9998962879180908
829,126,753,0.9998960494995117
830,126,753,0.9998956918716431
831,126,753,0.9998959302902222
832,126,753,0.999895453453064
833,126,753,0.9998971223831177
834,126,753,0.999896764755249
835,126,753,0.9998983144760132
836,126,753,0.9998981952667236
837,126,753,0.9998996257781982
838,126,753,0.9998989105224609
839,126,753,0.9998997449874878
840,126,753,0.9998993873596191
841,126,753,0.9999003410339355
842,126,753,0.9999004602432251
843,126,753,0.9999004602432251
844,126,753,0.9999010562896729
845,126,753,0.9999003410339355
846,126,753,0.9998996257781982
847,126,753,0.9999008178710938
848,126,753,0.9999011754989624
849,126,753,0.9999016523361206
850,126,753,0.9999011754989624
851,126,753,0.9999011754989624
852,126,753,0.9999020099639893
853,126,753,0.9998997449874878
854,126,753,0.9998998641967773
855,126,753,0.9998993873596191
856,126,753,0.9998997449874878
857,126,753,0.9998983144760132
858,126,753,0.9998984336853027
859,126,753,0.9998993873596191
860,126,753,0.9998984336853027
861,126,753,0.9998980760574341
862,126,753,0.999897837638855
863,126,753,0.9998987913131714
864,126,753,0.9998993873596191
865,126,753,0.9998977184295654
866,126,753,0.9998990297317505
867,126,753,0.9998973608016968
868,126,753,0.9998992681503296
869,126,753,0.9999001026153564
870,126,753,0.9998999834060669
871,126,753,0.9998986721038818
872,126,753,0.9999006986618042
873,126,753,0.9999010562896729
874,126,753,0.99989914894104
875,126,753,0.99989914894104
876,126,753,0.9998981952667236
877,126,753,0.9998966455459595
878,126,753,0.9998973608016968
879,126,753,0.9998980760574341
880,126,753,0.9998981952667236
881,126,753,0.9999006986618042
882,126,753,0.9998999834060669
883,126,753,0.999897837638855
884,126,753,0.9998997449874878
885,126,753,0.999900221824646
886,126,753,0.9998981952667236
887,126,753,0.9998993873596191
888,126,753,0.9998977184295654
889,126,753,0.9998983144760132
890,126,753,0.999897837638855
891,126,753,0.9999003410339355
892,126,753,0.9998979568481445
893,126,753,0.9998985528945923
894,126,753,0.9998993873596191
895,126,753,0.9998996257781982
896,126,753,0.9998983144760132
897,126,753,0.999893069267273
898,126,753,0.9998852014541626
899,126,753,0.9998857975006104
900,126,753,0.9998846054077148
901,126,753,0.9998849630355835
902,126,753,0.9998832941055298
903,126,753,0.9998865127563477
904,126,753,0.9998859167098999
905,126,753,0.9998852014541626
906,126,753,0.9998847246170044
907,126,753,0.9998854398727417
908,126,753,0.9998863935470581
909,126,753,0.9998863935470581
910,126,753,0.9998863935470581
911,126,753,0.9998867511749268
912,126,753,0.9998868703842163
913,126,753,0.9998865127563477
914,126,753,0.9998860359191895
915,126,753,0.9998836517333984
916,126,753,0.9998831748962402
917,126,753,0.9998868703842163
918,126,753,0.9998852014541626
919,126,753,0.999885082244873
920,126,753,0.9998844861984253
921,126,753,0.9998843669891357
922,126,753,0.9998835325241089
923,126,753,0.999883770942688
924,126,753,0.999883770942688
925,126,753,0.9998841285705566
926,126,753,0.9998873472213745
927,138,765,0.9998947381973267
928,906,333,0.9998406171798706
929,906,333,0.999862790107727
930,882,333,0.9997592568397522
931,330,357,0.9997778534889221
932,330,357,0.999769389629364
933,330,357,0.9997888207435608
934,330,357,0.9997909665107727
935,882,333,0.9997918009757996
936,306,357,0.9997878670692444
937,306,357,0.9998319149017334
938,882,333,0.9997848868370056
939,306,357,0.9997877478599548
940,954,333,0.9997941851615906
941,954,333,0.9997867941856384
942,930,333,0.999824583530426
943,930,333,0.999811589717865
944,1002,333,0.9997919201850891
945,1002,333,0.9998021721839905
946,282,357,0.9998294115066528
947,282,357,0.9998076558113098
948,1074,333,0.9998192191123962
949,1002,333,0.9997554421424866
950,258,357,0.9997900128364563
951,1074,333,0.9999003410339355
952,1074,333,0.9998462200164795
953,1074,333,0.9998167157173157
954,258,357,0.9997708201408386
955,258,357,0.9997668862342834
956,258,357,0.9997773766517639
957,1122,333,0.9997732043266296
958,1122,333,0.9997804760932922
959,1122,333,0.999767005443573
960,1122,333,0.9997813105583191
961,1122,333,0.99977046251297
962,1122,333,0.9997579455375671
963,234,357,0.9997422099113464
964,234,357,0.9997534155845642
965,1122,333,0.9997871518135071
966,1122,333,0.9997907280921936
967,234,357,0.9997742772102356
968,234,357,0.9997729659080505
969,1146,333,0.9997847676277161
970,1146,333,0.9998352527618408
971,1122,333,0.9998645782470703
972,1146,333,0.9998365640640259
973,1146,333,0.999803364276886
974,1386,333,0.999775230884552
975,1386,333,0.9997655749320984
976,1386,333,0.999771773815155
977,234,357,0.9997755885124207
978,234,357,0.9997791647911072
979,234,357,0.9997532963752747
980,234,357,0.9997772574424744
981,234,357,0.9997891783714294
982,234,357,0.9997809529304504
983,354,333,0.9997710585594177
984,354,333,0.9997755885124207
985,354,333,0.9997686743736267
986,234,357,0.9997554421424866
987,354,333,0.999752938747406
988,354,333,0.9997698664665222
989,42,573,0.999812662601471
990,78,189,0.9999125003814697
991,594,765,0.9999561309814453
992,798,765,0.9999537467956543
993,342,309,0.9999697208404541
994,534,249,0.9999386072158813
995,726,237,0.9999369382858276
996,738,213,0.9999047517776489
997,834,165,0.9999257326126099
998,834,165,0.9999257326126099
999,834,165,0.9999256134033203
1000,834,165,0.9999284744262695
1001,810,885,0.9999532699584961
1002,978,309,0.9998968839645386
1003,1050,765,0.9999192953109741
1004,1242,573,0.9999403953552246
1005,186,429,0.9998806715011597
1006,138,189,0.9999160766601562
1007,42,501,0.999891996383667
1008,42,165,0.9998475313186646
1009,594,309,0.9998412132263184
1010,594,309,0.9998424053192139
1011,594,309,0.9998414516448975
1012,594,309,0.9998424053192139
1013,594,309,0.9998471736907959
1014,594,309,0.9998487234115601
1015,594,309,0.9998511075973511
1016,594,309,0.9998581409454346
1017,594,309,0.9998564720153809
1018,594,309,0.9998515844345093
1019,594,309,0.999843955039978
1020,594,309,0.9998379945755005
1021,594,309,0.9998408555984497
1022,594,309,0.9998377561569214
1023,594,309,0.9998437166213989
1024,594,309,0.9998397827148438
1025,594,309,0.9998364448547363
1026,594,309,0.9998375177383423
1027,594,309,0.9998362064361572
1028,594,309,0.9998382329940796
1029,594,309,0.9998399019241333
1030,594,309,0.999840497970581
1031,594,309,0.9998438358306885
1032,594,309,0.9998427629470825
1033,594,309,0.9998437166213989
1034,594,309,0.9998403787612915
1035,594,309,0.9998394250869751
1036,594,309,0.9998362064361572
1037,594,309,0.999836802482605
1038,594,309,0.9998329877853394
1039,594,309,0.9998272061347961
1040,594,309,0.9998149275779724
1041,594,309,0.9998083710670471
1042,594,309,0.9997958540916443
1043,1074,285,0.9997944235801697
1044,1074,285,0.9997877478599548
1045,1074,285,0.9997819066047668
1046,1074,285,0.9997861981391907
1047,1074,285,0.9997860789299011
1048,1074,285,0.9997765421867371
1049,1074,285,0.9997768998146057
1050,1002,285,0.9997827410697937
1051,1002,285,0.9997846484184265
1052,1002,285,0.999783456325531
1053,1002,285,0.999788224697113
1054,1002,285,0.9997913241386414
1055,1002,285,0.9998005032539368
1056,1002,285,0.999798595905304
1057,1002,285,0.9997946619987488
1058,1002,285,0.9998021721839905
1059,1002,285,0.9998020529747009
1060,1002,285,0.9998072981834412
1061,618,309,0.9998133778572083
1062,618,309,0.999822199344635
1063,618,309,0.9998289346694946
1064,618,309,0.9998328685760498
1065,618,309,0.9998242259025574
1066,618,309,0.9998241066932678
1067,618,309,0.9998235106468201
1068,1626,309,0.9998258948326111
1069,618,309,0.9998082518577576
1070,618,309,0.9998002648353577
1071,618,309,0.9998005032539368
1072,786,213,0.9997853636741638
1073,498,333,0.9997885823249817
1074,498,333,0.9997974038124084
1075,498,333,0.999804675579071
1076,498,333,0.9998151659965515
1077,498,333,0.9998162388801575
1078,498,333,0.9998220801353455
1079,498,333,0.9998272061347961
1080,498,333,0.9998233914375305
1081,498,333,0.999825656414032
1082,498,333,0.9998263716697693
1083,498,333,0.999826967716217
1084,498,333,0.9998319149017334
1085,498,333,0.9998224377632141
1086,498,333,0.9998247027397156
1087,498,333,0.9998286962509155
1088,498,333,0.9998315572738647
1089,498,333,0.9998243451118469
1090,498,333,0.9998279809951782
1091,498,333,0.9998292922973633
1092,498,333,0.9998304843902588
1093,498,333,0.9998214840888977
1094,498,333,0.9998173117637634
1095,498,333,0.9998179078102112
1096,498,333,0.9998121857643127
1097,498,333,0.9998086094856262
1098,498,333,0.9998015761375427
1099,498,333,0.9997968077659607
1100,498,333,0.9997969269752502
1101,498,333,0.9997910857200623
1102,498,333,0.999788224697113
1103,498,333,0.9997904896736145
1104,1554,309,0.9998098015785217
1105,498,333,0.9997712969779968
1106,498,333,0.9997696280479431
1107,498,333,0.999758780002594
1108,1626,309,0.9997603297233582
1109,498,333,0.9997543692588806
1110,1626,309,0.9997851252555847
1111,1626,309,0.9997743964195251
1112,1650,309,0.9997419714927673
1113,1650,309,0.9997401833534241
1114,1650,309,0.9997629523277283
1115,1674,309,0.9997703433036804
1116,1674,309,0.99977046251297
1117,1674,309,0.9997807145118713
1118,1674,309,0.9997896552085876
1119,1674,309,0.9997628331184387
1120,1650,309,0.999758780002594
1121,1650,309,0.9997616410255432
1122,1650,309,0.9997583031654358
1123,1650,309,0.9997690320014954
1124,1674,309,0.999760091304779
1125,1674,309,0.9997426867485046
1126,1674,309,0.9997437596321106
1127,1650,309,0.9997467398643494
1128,1578,309,0.9997573494911194
1129,1650,309,0.9997524619102478
1130,1650,309,0.9997615218162537
1131,1674,309,0.9997591376304626
1132,1674,309,0.999771773815155
1133,1674,309,0.9997790455818176
1134,1674,309,0.9997923970222473
1135,1674,309,0.9997908473014832
1136,1674,309,0.9998113512992859
1137,1674,309,0.9997996687889099
1138,1674,309,0.9997777342796326
1139,1482,309,0.9997556805610657
1140,1674,309,0.9997411370277405
1141,1506,309,0.9997386336326599
1142,1506,309,0.9997313618659973
1143,1674,309,0.9997155070304871
1144,1578,309,0.9997274279594421
1145,1674,309,0.999724805355072
1146,1674,309,0.9997192025184631
1147,1674,309,0.9997380375862122
1148,1674,309,0.9997535347938538
1149,1674,309,0.9997492432594299
1150,1674,309,0.9997604489326477
1151,1674,309,0.9997637867927551
1152,522,333,0.9997900128364563
1153,1698,309,0.9997443556785583
1154,1698,309,0.9997543692588806
1155,1698,309,0.9997666478157043
1156,1698,309,0.9997746348381042
1157,1698,309,0.9997768998146057
1158,1698,309,0.999774158000946
1159,1722,309,0.999771773815155
1160,1722,309,0.999792754650116
1161,1722,309,0.99979168176651
1162,1722,309,0.9997605681419373
1163,1602,309,0.9997373223304749
1164,1578,309,0.9997308850288391
1165,498,333,0.9998003840446472
1166,1722,309,0.9997974038124084
1167,42,573,0.9998169541358948
1168,30,357,0.9999179840087891
1169,594,765,0.9999548196792603
1170,798,765,0.9999563694000244
1171,342,309,0.999971866607666
1172,534,249,0.9999411106109619
1173,726,237,0.9999324083328247
1174,738,213,0.9998965263366699
1175,834,165,0.9999324083328247
1176,834,165,0.9999310970306396
1177,834,165,0.9999313354492188
1178,834,165,0.9999327659606934
1179,834,165,0.9999556541442871
1180,1002,309,0.9999439716339111
1181,1050,261,0.9999338388442993
1182,1242,693,0.9999436140060425
1183,186,285,0.9999098777770996
1184,198,117,0.9999076128005981
1185,42,261,0.9999275207519531
1186,66,309,0.9998488426208496
1187,954,309,0.9997408986091614
1188,954,309,0.9997113347053528
1189,1170,309,0.9997208714485168
1190,1170,309,0.9997639060020447
1191,1170,309,0.9997912049293518
1192,858,309,0.9997283816337585
1193,858,309,0.9997366070747375
1194,858,309,0.9997523427009583
1195,1386,309,0.999745786190033
1196,1386,309,0.9997714161872864
1197,1170,309,0.999783456325531
1198,1170,309,0.9998013377189636
1199,1170,309,0.999790608882904
1200,1170,309,0.9997897744178772
1201,1170,309,0.9997950196266174
1202,234,333,0.9997696280479431
1203,234,333,0.9997757077217102
1204,234,333,0.999774158000946
1205,234,333,0.9997768998146057
1206,234,333,0.9997714161872864
1207,234,333,0.999782145023346
1208,234,333,0.9997785687446594
1209,1386,309,0.9997894167900085
1210,1386,309,0.9997848868370056
1211,1386,309,0.9997832179069519
1212,1434,309,0.9997778534889221
1213,1410,309,0.9997712969779968
1214,1410,309,0.999768078327179
1215,1410,309,0.9997588992118835
1216,1410,309,0.9997453093528748
1217,1410,309,0.9997184872627258
1218,1362,309,0.9997250437736511
1219,1386,309,0.9997476935386658
1220,1386,309,0.9997689127922058
1221,198,117,0.9998181462287903
1222,1386,309,0.9997672438621521
1223,1386,309,0.9997305274009705
1224,1410,309,0.9997385144233704
1225,1410,309,0.9997351765632629
1226,1410,309,0.9997069239616394
1227,1434,309,0.999663233757019
1228,1434,309,0.9996894598007202
1229,1098,285,0.9997103810310364
1230,1434,309,0.9997007846832275
1231,1410,309,0.9996756315231323
1232,1434,309,0.9996731281280518
1233,1170,285,0.9996988773345947
1234,1170,285,0.9997000694274902
1235,330,309,0.9997512698173523
1236,330,309,0.999789297580719
1237,330,309,0.999790608882904
1238,330,309,0.9997809529304504
1239,330,309,0.9997971653938293
1240,330,309,0.9998024106025696
1241,330,309,0.9997753500938416
1242,330,309,0.9997832179069519
1243,330,309,0.999779999256134
1244,330,309,0.9997796416282654
1245,330,309,0.9997501969337463
1246,330,309,0.9996774196624756
1247,1230,309,0.9996752738952637
1248,198,117,0.9997610449790955
1249,1878,321,0.9998038411140442
1250,354,309,0.9997550845146179
1251,354,309,0.9997679591178894
1252,354,309,0.9998006224632263
1253,354,309,0.9998290538787842
1254,354,309,0.9998050332069397
1255,354,309,0.9997835755348206
1256,198,117,0.9997640252113342
1257,198,117,0.999763548374176
1258,198,117,0.9997610449790955
1259,198,117,0.9997665286064148
1260,198,117,0.99977046251297
1261,378,309,0.9997778534889221
1262,378,309,0.9997908473014832
1263,378,309,0.9998100399971008
1264,378,309,0.9998308420181274
1265,378,309,0.999803364276886
1266,378,309,0.9997976422309875
1267,378,309,0.9997738003730774
1268,198,117,0.9997653365135193
1269,198,117,0.9997660517692566
1270,198,117,0.9997542500495911
1271,198,117,0.9997765421867371
1272,1506,309,0.9997794032096863
1273,402,309,0.99977046251297
1274,402,309,0.9997754693031311
1275,1506,309,0.9997777342796326
1276,402,309,0.9997982382774353
1277,402,309,0.9998321533203125
1278,402,309,0.9998205304145813
1279,402,309,0.9998241066932678
1280,402,309,0.999813973903656
1281,402,309,0.9997615218162537
1282,1554,309,0.9997562766075134
1283,1530,309,0.999782383441925
1284,1554,309,0.9997499585151672
1285,1530,309,0.9997310042381287
1286,426,309,0.9997689127922058
1287,426,309,0.9997572302818298
1288,1554,309,0.9997690320014954
1289,1554,309,0.9997761845588684
1290,426,309,0.9997914433479309
1291,426,309,0.9998157620429993
1292,426,309,0.9998157620429993
1293,426,309,0.999823272228241
1294,426,309,0.9998306035995483
1295,426,309,0.99980229139328
1296,426,309,0.9997745156288147
1297,1578,309,0.9997627139091492
1298,1602,309,0.9997552037239075
1299,1578,309,0.9997913241386414
1300,1578,309,0.9997904896736145
1301,1578,309,0.9998044371604919
1302,1578,309,0.9998148083686829
1303,1578,309,0.9997971653938293
1304,1602,309,0.9997947812080383
1305,1602,309,0.9998123049736023
1306,1602,309,0.9997852444648743
1307,1602,309,0.9997870326042175
1308,1602,309,0.9997888207435608
1309,450,309,0.9997838139533997
1310,450,309,0.9997989535331726
1311,450,309,0.9998201727867126
1312,450,309,0.9998365640640259
1313,450,309,0.9998258948326111
1314,450,309,0.9998119473457336
1315,1602,309,0.9998180270195007
1316,1602,309,0.9998229146003723
1317,1602,309,0.9998364448547363
1318,1602,309,0.9998080134391785
1319,1170,309,0.9997437596321106
1320,1170,309,0.9997560381889343
1321,474,309,0.99973064661026
1322,474,309,0.9997261166572571
1323,474,309,0.9997170567512512
1324,834,285,0.9998030066490173
1325,474,309,0.9997860789299011
1326,474,309,0.9997920393943787
1327,474,309,0.9998086094856262
1328,474,309,0.9998151659965515
1329,474,309,0.9998347759246826
1330,474,309,0.9997852444648743
1331,1386,309,0.9997625946998596
1332,1386,309,0.9997624754905701
1333,1386,309,0.9997627139091492
1334,1386,309,0.9997649788856506
1335,1386,309,0.9997897744178772
1336,1386,309,0.999806821346283
1337,1386,309,0.9998083710670471
1338,1386,309,0.999823272228241
1339,1386,309,0.9998307228088379
1340,1386,309,0.9998220801353455
1341,1386,309,0.9998053908348083
1342,1386,309,0.9997584223747253
1343,1098,309,0.9997159838676453
1344,1098,309,0.9997023940086365
1345,846,297,0.9997469782829285
1346,846,297,0.9997568726539612
1347,846,297,0.9997122883796692
1348,1194,309,0.9997050166130066
1349,1170,309,0.999724805355072
1350,1170,309,0.999749481678009
1351,1170,309,0.9997735619544983
1352,1170,309,0.9997888207435608
1353,1170,309,0.9997891783714294
1354,1170,309,0.9997764229774475
1355,1146,309,0.9997681975364685
1356,1146,309,0.9998094439506531
1357,1146,309,0.99980229139328
1358,1146,309,0.99979168176651
1359,1146,309,0.9997335076332092
1360,1098,309,0.999745786190033
1361,1098,309,0.999750554561615
1362,1098,309,0.9997546076774597
1363,1074,309,0.9997521042823792
1364,1050,309,0.9997544884681702
1365,1050,309,0.9997938275337219
1366,1050,309,0.9997915625572205
1367,1050,309,0.9997814297676086
1368,1002,309,0.9997822642326355
1369,1002,309,0.999757707118988
1370,426,333,0.9997422099113464
1371,426,333,0.9997281432151794
1372,930,309,0.999751627445221
1373,930,309,0.999764621257782
1374,930,309,0.9997377991676331
1375,930,309,0.9997337460517883
1376,930,309,0.9997323155403137
1377,834,309,0.9997615218162537
1378,834,309,0.9997842907905579
1379,834,309,0.9998039603233337
1380,834,309,0.9998019337654114
1381,810,309,0.9997814297676086
1382,810,309,0.999743640422821
1383,810,309,0.9997020363807678
1384,1602,333,0.9996787309646606
1385,1602,333,0.9996813535690308
1386,1626,333,0.9997398257255554
1387,1626,333,0.9997754693031311
1388,1554,333,0.9997748732566833
1389,1554,333,0.9997366070747375
1390,474,333,0.9997138381004333
1391,1578,333,0.9997135996818542
1392,1578,333,0.9997442364692688
1393,1578,333,0.9997546076774597
1394,1602,333,0.9997715353965759
1395,1602,333,0.9998061060905457
1396,1578,333,0.9997895359992981
1397,1578,333,0.9997888207435608
1398,1554,333,0.9997944235801697
1399,1554,333,0.999769389629364
1400,1578,333,0.9997648596763611
1401,1578,333,0.9997426867485046
1402,1554,333,0.999752938747406
1403,1830,357,0.9997705817222595
1404,1350,333,0.9996922016143799
1405,930,333,0.9997181296348572
1406,594,357,0.9997287392616272
1407,594,357,0.9997262358665466
1408,594,357,0.9997088313102722
1409,930,333,0.9997151494026184
1410,930,333,0.9997020363807678
1411,930,333,0.9997047781944275
1412,930,333,0.9996984004974365
1413,930,333,0.9996919631958008
1414,930,333,0.9996973276138306
1415,1674,357,0.9997043013572693
1416,594,357,0.999714195728302
1417,594,357,0.9997346997261047
1418,594,357,0.9997349381446838
1419,594,357,0.9997240900993347
1420,594,357,0.9997192025184631
1421,594,357,0.9997184872627258
1422,594,357,0.9997137188911438
1423,1674,357,0.9997108578681946
1424,1674,357,0.9997114539146423
1425,1674,357,0.9997254014015198
1426,1674,357,0.9997257590293884
1427,1674,357,0.9997172951698303
1428,1674,357,0.9997181296348572
1429,1674,357,0.9997220635414124
1430,1674,357,0.9997192025184631
1431,594,357,0.9997201561927795
1432,594,357,0.999722421169281
1433,1674,357,0.999714195728302
1434,1674,357,0.9997140765190125
1435,1674,357,0.9997208714485168
1436,1674,357,0.9997180104255676
1437,1674,357,0.9997187256813049
1438,1674,357,0.9997192025184631
1439,1674,357,0.9997239708900452
1440,1674,357,0.9997259974479675
1441,1674,357,0.999711811542511
1442,1626,357,0.9997132420539856
1443,1626,357,0.9997244477272034
1444,1626,357,0.9997209906578064
1445,930,333,0.999729335308075
1446,930,333,0.9997312426567078
1447,930,333,0.9997338652610779
1448,1626,357,0.9997418522834778
1449,594,357,0.9997385144233704
1450,1626,357,0.9997366070747375
1451,594,357,0.9997326731681824
1452,594,357,0.999742329120636
1453,954,333,0.9997642636299133
1454,954,333,0.9997739195823669
1455,954,333,0.9997805953025818
1456,954,333,0.9997902512550354
1457,954,333,0.9998020529747009
1458,954,333,0.9997988343238831
1459,954,333,0.999805748462677
1460,954,333,0.999805748462677
1461,954,333,0.9997969269752502
1462,954,333,0.9997957348823547
1463,954,333,0.9997796416282654
1464,954,333,0.9997871518135071
1465,954,333,0.9997915625572205
1466,954,333,0.9997645020484924
1467,954,333,0.9997346997261047
1468,1074,333,0.9997004270553589
1469,1002,333,0.9996998310089111
1470,1002,333,0.9997215867042542
1471,1002,333,0.9997559189796448
1472,1002,333,0.9997609257698059
1473,1002,333,0.9997614026069641
1474,1002,333,0.9997504353523254
1475,1002,333,0.9997283816337585
1476,1002,333,0.9997103810310364
1477,1002,333,0.9997144341468811
1478,1002,333,0.9997014403343201
1479,1002,333,0.9996964931488037
1480,1002,333,0.9996719360351562
1481,1002,333,0.9996658563613892
1482,120,111,0.9996490478515625
1483,120,111,0.9996488094329834
1484,120,111,0.9996498823165894
1485,120,111,0.9996501207351685
1486,858,285,0.9996658563613892
1487,858,285,0.9996943473815918
1488,858,285,0.9997010231018066
1489,858,285,0.9997212290763855
1490,858,285,0.9997159838676453
1491,858,285,0.9996929168701172
1492,858,285,0.9997082352638245
1493,858,285,0.9997050166130066
1494,858,285,0.9996682405471802
1495,120,111,0.9996422529220581
1496,120,111,0.9996446371078491
1497,120,111,0.9996432065963745
1498,120,111,0.9996415376663208
1499,1698,357,0.9996461868286133
1500,1554,333,0.999646782875061
1501,1098,333,0.9996631145477295
1502,1098,333,0.9996707439422607
1503,1722,357,0.9997044205665588
1504,1722,357,0.9997156262397766
1505,1722,357,0.9997171759605408
1506,1722,357,0.9997166991233826
1507,1722,357,0.9997277855873108
1508,1722,357,0.9997408986091614
1509,1722,357,0.9997324347496033
1510,1722,357,0.9997196793556213
1511,1146,333,0.9996880292892456
1512,1146,333,0.9996981620788574
1513,1146,333,0.9997220635414124
1514,1146,333,0.9997277855873108
1515,1146,333,0.9997397065162659
1516,1146,333,0.9997510313987732
1517,1146,333,0.9997419714927673
1518,1146,333,0.9997513890266418
1519,1146,333,0.9997544884681702
1520,1146,333,0.9997504353523254
1521,1146,333,0.9997492432594299
1522,1146,333,0.999737560749054
1523,1146,333,0.9997220635414124
1524,1146,333,0.9997161030769348
1525,1146,333,0.9996967315673828
1526,666,333,0.9996631145477295
1527,666,333,0.9996857643127441
1528,666,333,0.9997034668922424
1529,1194,333,0.9996904134750366
1530,666,333,0.9996987581253052
1531,666,333,0.9997803568840027
1532,1218,333,0.9997194409370422
1533,1218,333,0.9997301697731018
1534,1218,333,0.9997385144233704
1535,1218,333,0.9997171759605408
1536,1218,333,0.999716579914093
1537,1218,333,0.9997139573097229
1538,120,111,0.9996696710586548
1539,120,111,0.9996815919876099
1540,642,333,0.9997535347938538
1541,642,333,0.9997517466545105
1542,642,333,0.9997346997261047
1543,642,333,0.9997195601463318
1544,642,333,0.9997426867485046
1545,642,333,0.9997416138648987
1546,1194,333,0.999756395816803
1547,1266,333,0.99977046251297
1548,618,333,0.9997807145118713
1549,1194,333,0.9997537732124329
1550,618,333,0.9996837377548218
1551,120,111,0.9996716976165771
1552,120,111,0.9996846914291382
1553,120,111,0.9996962547302246
1554,594,333,0.9996949434280396
1555,594,333,0.9997097849845886
1556,594,333,0.9996970891952515
1557,594,333,0.9997286200523376
1558,1458,333,0.9997664093971252
1559,1458,333,0.9997579455375671
1560,1458,333,0.9997239708900452
1561,120,111,0.9996777772903442
1562,120,111,0.9996907711029053
1563,570,333,0.9997132420539856
1564,570,333,0.9997023940086365
1565,120,111,0.9996764659881592
1566,120,111,0.999683141708374
1567,120,111,0.9996752738952637
1568,546,333,0.9996975660324097
1569,546,333,0.9996978044509888
1570,120,111,0.999683141708374
1571,120,111,0.999690055847168
1572,120,111,0.9996925592422485
1573,120,111,0.9996852874755859
1574,522,333,0.9997166991233826
1575,120,111,0.9996838569641113
1576,120,111,0.999695897102356
1577,522,333,0.9997482895851135
1578,1674,333,0.9997102618217468
1579,1674,333,0.9997634291648865
1580,1674,333,0.9997895359992981
1581,1674,333,0.9997871518135071
1582,1674,333,0.9997943043708801
1583,1674,333,0.9998055100440979
1584,1674,333,0.9998112320899963
1585,1674,333,0.9998016953468323
1586,1674,333,0.9997996687889099
1587,1674,333,0.9998045563697815
1588,1674,333,0.9997963309288025
1589,1674,333,0.9997981190681458
1590,1674,333,0.9997890591621399
1591,1674,333,0.9997885823249817
1592,1674,333,0.999779999256134
1593,1674,333,0.9997826218605042
1594,1674,333,0.9997796416282654
1595,1674,333,0.9997778534889221
1596,210,117,0.9998008608818054
1597,1674,333,0.9997727274894714
1598,1674,333,0.9997848868370056
1599,1674,333,0.9997937083244324
1600,1674,333,0.9997946619987488
1601,834,309,0.999797523021698
1602,1674,333,0.9997997879981995
1603,1674,333,0.9997966885566711
1604,858,309,0.9998083710670471
1605,858,309,0.9998562335968018
1606,1674,333,0.9997875094413757
1607,1674,333,0.9997960925102234
1608,1674,333,0.9997894167900085
1609,858,309,0.9998722076416016
1610,858,309,0.9998854398727417
1611,858,309,0.9998385906219482
1612,834,309,0.9998607635498047
1613,834,309,0.9999151229858398
1614,834,309,0.9998140931129456
1615,858,309,0.9998056292533875
1616,858,309,0.9998074173927307
1617,810,309,0.9999051094055176
1618,1434,333,0.9999097585678101
1619,306,357,0.9997368454933167
1620,1722,357,0.9997715353965759
1621,1722,357,0.9997565150260925
1622,1722,357,0.9997383952140808
1623,1686,357,0.9997592568397522
1624,1746,357,0.999739944934845
1625,1746,357,0.9997592568397522
1626,1650,357,0.9997437596321106
1627,1650,357,0.9997429251670837
1628,1698,357,0.9998610019683838
1629,1866,357,0.9998266100883484
1630,1866,357,0.9998204112052917
1631,1866,357,0.9998086094856262
1632,1866,357,0.9997761845588684
1633,1794,357,0.9997768998146057
1634,1794,357,0.9997634291648865
1635,1794,357,0.9998089671134949
1636,1794,357,0.9998030066490173
1637,1794,357,0.9998120665550232
1638,1794,357,0.9998401403427124
1639,1794,357,0.9998247027397156
1640,1794,357,0.9998071789741516
1641,1794,357,0.9998142123222351
1642,1770,357,0.9998229146003723
1643,1770,357,0.9998352527618408
1644,1770,357,0.9998568296432495
1645,1770,357,0.9998451471328735
1646,1794,357,0.9998419284820557
1647,1794,357,0.999841570854187
1648,1770,357,0.9998218417167664
1649,1746,357,0.9998384714126587
1650,1794,357,0.9998505115509033
1651,1794,357,0.9998562335968018
1652,1794,357,0.9998517036437988
1653,1794,357,0.9998378753662109
1654,1794,357,0.999840259552002
1655,1770,357,0.999830961227417
1656,1746,357,0.9998434782028198
1657,1722,357,0.9998356103897095
1658,1722,357,0.999848484992981
1659,1722,357,0.9998434782028198
1660,1722,357,0.9998471736907959
1661,1746,357,0.9998561143875122
1662,1722,357,0.9998600482940674
1663,1722,357,0.9998588562011719
1664,1722,357,0.9998641014099121
1665,1722,357,0.9998427629470825
1666,1722,357,0.9998388290405273
1667,1722,357,0.9997977614402771
1668,1722,357,0.9998130202293396
1669,1674,357,0.9998518228530884
1670,1674,357,0.9998327493667603
1671,1674,357,0.999774158000946
1672,1674,357,0.9997683167457581
1673,1674,357,0.999792754650116
1674,1674,357,0.9997953772544861
1675,1674,357,0.9997847676277161
1676,150,117,0.9997710585594177
1677,150,117,0.9997771382331848
1678,150,117,0.9997758269309998
1679,150,117,0.999776303768158
1680,150,117,0.9997764229774475
1681,150,117,0.9997766613960266
1682,150,117,0.9997768998146057
1683,150,117,0.9997766613960266
1684,150,117,0.9997766613960266
1685,150,117,0.9997767806053162
1686,150,117,0.9997765421867371
1687,150,117,0.9997764229774475
1688,150,117,0.9997761845588684
1689,150,117,0.9997758269309998
1690,150,117,0.9997757077217102
1691,150,117,0.9997755885124207
1692,150,117,0.9997754693031311
1693,150,117,0.9997754693031311
1694,150,117,0.9997751116752625
1695,1434,357,0.9997794032096863
1696,1434,357,0.999806821346283
1697,1410,357,0.9997815489768982
1698,150,117,0.9997746348381042
1699,150,117,0.9997749924659729
1700,150,117,0.9997748732566833
1701,1458,357,0.9997977614402771
1702,1458,357,0.9997978806495667
1703,1458,357,0.9998226761817932
1704,1458,357,0.9998258948326111
1705,1458,357,0.9998297691345215
1706,1458,357,0.9998250603675842
1707,150,117,0.9997627139091492
1708,1242,357,0.9997749924659729
1709,1242,357,0.9998453855514526
1710,1242,357,0.9998389482498169
1711,1242,357,0.9998201727867126
1712,1242,357,0.9998049139976501
1713,1050,357,0.9998219609260559
1714,1050,357,0.9997914433479309
1715,150,117,0.9997623562812805
1716,150,117,0.9997624754905701
1717,1026,357,0.999786913394928
1718,1026,357,0.9997766613960266
1719,1050,357,0.9997932314872742
1720,1050,357,0.9998026490211487
1721,1050,357,0.9998015761375427
1722,1050,357,0.9998056292533875
1723,1050,357,0.9997923970222473
1724,1050,357,0.9997873902320862
1725,1050,357,0.9997865557670593
1726,1050,357,0.9997736811637878
1727,1050,357,0.9997817873954773
1728,150,117,0.999776303768158
1729,150,117,0.9997760653495789
1730,150,117,0.9997759461402893
1731,150,117,0.9997755885124207
1732,150,117,0.9997758269309998
1733,258,381,0.999797523021698
1734,150,117,0.9997758269309998
1735,150,117,0.9997765421867371
1736,1050,357,0.9997979998588562
1737,1050,357,0.9997950196266174
1738,1074,357,0.9997952580451965
1739,150,117,0.9997798800468445
1740,1074,357,0.9998040795326233
1741,1074,357,0.9997896552085876
1742,150,117,0.9997801184654236
1743,150,117,0.9997782111167908
1744,1098,357,0.9998076558113098
1745,150,117,0.9997773766517639
1746,150,117,0.9997768998146057
1747,150,117,0.9997754693031311
1748,150,117,0.9997764229774475
1749,150,117,0.9997754693031311
1750,150,117,0.9997745156288147
1751,1314,357,0.999776303768158
1752,1314,357,0.9997718930244446
1753,1314,357,0.9997660517692566
1754,150,117,0.9997454285621643
1755,150,117,0.999743640422821
1756,150,117,0.9997444748878479
1757,150,117,0.9997431635856628
1758,1338,357,0.9997517466545105
1759,1338,357,0.9997935891151428
1760,1338,357,0.9997830986976624
1761,1338,357,0.9998090863227844
1762,1338,357,0.9997851252555847
1763,1338,357,0.999754011631012
1764,1338,357,0.9997392296791077
1765,150,117,0.9997356534004211
1766,750,345,0.9997503161430359
1767,150,117,0.9997312426567078
1768,150,117,0.9997274279594421
1769,150,117,0.9997220635414124
1770,1362,357,0.9997283816337585
1771,150,117,0.999717652797699
1772,150,117,0.9997100234031677
1773,150,117,0.9997294545173645
1774,150,117,0.9997280240058899
1775,150,117,0.9997350573539734
1776,150,117,0.9997153878211975
1777,150,117,0.9997186064720154
1778,150,117,0.9997312426567078
1779,1170,357,0.9997557997703552
1780,1170,357,0.9997374415397644
1781,1170,357,0.9997684359550476
1782,1170,357,0.9997736811637878
1783,1170,357,0.9997819066047668
1784,1170,357,0.9997751116752625
1785,1170,357,0.9997584223747253
1786,1170,357,0.9997733235359192
1787,1170,357,0.9997527003288269
1788,1170,357,0.9997773766517639
1789,1194,357,0.9997960925102234
1790,1194,357,0.999785840511322
1791,1170,357,0.9997672438621521
1792,1170,357,0.9997943043708801
1793,1170,357,0.9998186230659485
1794,1170,357,0.9998071789741516
1795,1170,357,0.999764621257782
1796,1170,357,0.9997549653053284
1797,150,117,0.9997226595878601
1798,1122,357,0.9997342228889465
1799,1122,357,0.9997482895851135
1800,954,357,0.9997789263725281
1801,210,117,0.999811589717865
1802,1122,357,0.9997642636299133
1803,1122,357,0.9997428059577942
1804,150,117,0.999738872051239
1805,150,117,0.9997435212135315
1806,1146,357,0.9997664093971252
1807,1146,357,0.9997624754905701
1808,1146,357,0.9997480511665344
1809,150,117,0.9997376799583435
1810,150,117,0.9997298121452332
1811,150,117,0.9997323155403137
1812,150,117,0.9997351765632629
1813,150,117,0.9997357726097107
1814,1146,357,0.9997442364692688
1815,150,117,0.9997372031211853
1816,150,117,0.9997356534004211
1817,150,117,0.9997370839118958
1818,150,117,0.9997360110282898
1819,1146,357,0.9997969269752502
1820,1146,357,0.9998108744621277
1821,1146,357,0.9997819066047668
1822,1146,357,0.9997531771659851
1823,150,117,0.9997360110282898
1824,150,117,0.9997362494468689
1825,1146,357,0.9997465014457703
1826,1146,357,0.9997548460960388
1827,1146,357,0.9997631907463074
1828,1146,357,0.9997593760490417
1829,1146,357,0.9997575879096985
1830,1146,357,0.9997397065162659
1831,1170,357,0.9997569918632507
1832,1146,357,0.9997506737709045
1833,1146,357,0.9997542500495911
1834,978,357,0.9997629523277283
1835,978,357,0.999788224697113
1836,978,357,0.999792754650116
1837,978,357,0.999788224697113
1838,1170,357,0.9997697472572327
1839,1170,357,0.9997861981391907
1840,1170,357,0.9998086094856262
1841,1170,357,0.9998083710670471
1842,1170,357,0.9998076558113098
1843,1194,357,0.9997820258140564
1844,1194,357,0.9997678399085999
1845,1206,357,0.999825656414032
1846,1218,357,0.9998451471328735
1847,1218,357,0.9998546838760376
1848,1218,357,0.9998455047607422
1849,1218,357,0.9998177886009216
1850,1218,357,0.9997729659080505
1851,1218,357,0.999778687953949
1852,1218,357,0.9997525811195374
1853,1218,357,0.9997237324714661
1854,1194,357,0.9997360110282898
1855,1194,357,0.9997624754905701
1856,1194,357,0.9998024106025696
1857,1194,357,0.9998026490211487
1858,1194,357,0.9997982382774353
1859,1194,357,0.9997746348381042
1860,1218,357,0.9997283816337585
1861,1218,357,0.999718964099884
1862,1242,357,0.9997130036354065
1863,1242,357,0.9997400641441345
1864,1242,357,0.9997357726097107
1865,1242,357,0.9997583031654358
1866,1242,357,0.9997642636299133
1867,1242,357,0.99978107213974
1868,1242,357,0.9997877478599548
1869,1242,357,0.999797523021698
1870,1242,357,0.9997974038124084
1871,1242,357,0.9997926354408264
1872,1242,357,0.9997907280921936
1873,1242,357,0.9997896552085876
1874,1242,357,0.9997804760932922
1875,1242,357,0.9997797608375549
1876,1242,357,0.9997734427452087
1877,1242,357,0.9997712969779968
1878,1242,357,0.9997527003288269
1879,1242,357,0.9997395873069763
1880,1242,357,0.9997077584266663
1881,150,117,0.9997033476829529
1882,120,111,0.9997040629386902
1883,120,111,0.9997053742408752
1884,150,117,0.9997062087059021
1885,150,117,0.9997084736824036
1886,150,117,0.9997084736824036
1887,150,117,0.9997078776359558
1888,150,117,0.9997085928916931
1889,1146,357,0.9997137188911438
1890,1146,357,0.9997110962867737
1891,1146,357,0.9997243285179138
1892,1146,357,0.9997323155403137
1893,1146,357,0.9997307658195496
1894,522,357,0.9997413754463196
1895,522,357,0.9997469782829285
1896,522,357,0.9997521042823792
1897,1434,357,0.9997562766075134
1898,1434,357,0.9997723698616028
1899,1434,357,0.9997902512550354
1900,1446,357,0.9997872710227966
1901,1446,357,0.9997674822807312
1902,1434,357,0.9997476935386658
1903,1434,357,0.9997337460517883
1904,522,357,0.999717652797699
1905,150,117,0.9997133612632751
1906,1242,357,0.9997805953025818
1907,1458,357,0.9997531771659851
1908,150,117,0.9997147917747498
1909,150,117,0.9997139573097229
1910,150,117,0.9997120499610901
1911,1218,357,0.9997145533561707
1912,1218,357,0.9997450709342957
1913,1218,357,0.9997228980064392
1914,150,117,0.9997069239616394
1915,1218,357,0.9997926354408264
1916,1218,357,0.9998070597648621
1917,1218,357,0.9997841715812683
1918,1650,357,0.9998331069946289
1919,1650,357,0.9998316764831543
1920,1650,357,0.9997751116752625
1921,1650,357,0.9997722506523132
1922,1650,357,0.9997751116752625
1923,1650,357,0.9997726082801819
1924,1650,357,0.9997574687004089
1925,1650,357,0.9997685551643372
1926,1626,357,0.9997990727424622
1927,1626,357,0.999813973903656
1928,1674,357,0.9998064637184143
1929,1674,357,0.9998061060905457
1930,1626,357,0.9997337460517883
1931,1578,357,0.9998267292976379
1932,1878,369,0.9997716546058655
1933,1650,357,0.9997711777687073
1934,150,117,0.9997438788414001
1935,1650,357,0.9998121857643127
1936,150,117,0.9997383952140808
1937,1578,357,0.9997463822364807
1938,42,573,0.9998261332511902
1939,78,189,0.9999154806137085
1940,594,765,0.9999511241912842
1941,798,765,0.9999520778656006
1942,342,309,0.999971866607666
1943,534,249,0.9999359846115112
1944,714,237,0.9999310970306396
1945,738,213,0.999891996383667
1946,834,165,0.9999287128448486
1947,834,165,0.9999287128448486
1948,834,165,0.9999287128448486
1949,834,165,0.9999289512634277
1950,810,885,0.9999618530273438
1951,450,117,0.999927282333374
1952,1050,261,0.9999499320983887
1953,1242,549,0.9999549388885498
1954,186,261,0.9999074935913086
1955,198,117,0.9999207258224487
1956,78,117,0.9998695850372314
1957,42,285,0.99970942735672
1958,120,111,0.9996709823608398
1959,120,111,0.9996751546859741
1960,120,111,0.999671220779419
1961,120,111,0.9996732473373413
1962,120,111,0.999670147895813
1963,120,111,0.9996724128723145
1964,120,111,0.999674916267395
1965,120,111,0.9996744394302368
1966,120,111,0.9996733665466309
1967,120,111,0.9996733665466309
1968,120,111,0.9996740818023682
1969,120,111,0.9996746778488159
1970,120,111,0.9996746778488159
1971,120,111,0.9996731281280518
1972,120,111,0.9996724128723145
1973,120,111,0.9996719360351562
1974,120,111,0.9996713399887085
1975,120,111,0.9996713399887085
1976,120,111,0.999670147895813
1977,120,111,0.9996709823608398
1978,120,111,0.9996706247329712
1979,120,111,0.9996715784072876
1980,120,111,0.9996708631515503
1981,120,111,0.9996709823608398
1982,120,111,0.9996708631515503
1983,198,117,0.9998249411582947
1984,120,111,0.9996708631515503
1985,120,111,0.9996769428253174
1986,120,111,0.9996743202209473
1987,120,111,0.9996763467788696
1988,120,111,0.9996761083602905
1989,120,111,0.9996757507324219
1990,120,111,0.9996762275695801
1991,120,111,0.9996764659881592
1992,120,111,0.9996789693832397
1993,120,111,0.9996778964996338
1994,120,111,0.9996778964996338
1995,120,111,0.9996765851974487
1996,120,111,0.9996763467788696
1997,120,111,0.999677300453186
1998,120,111,0.9996774196624756
1999,120,111,0.9996774196624756
2000,120,111,0.999677300453186
2001,120,111,0.9996776580810547
2002,120,111,0.9996777772903442
2003,120,111,0.9996781349182129
2004,120,111,0.9996784925460815
2005,120,111,0.999678373336792
2006,120,111,0.9996786117553711
2007,120,111,0.999679446220398
2008,120,111,0.9996767044067383
2009,120,111,0.9996824264526367
2010,198,117,0.9997041821479797
2011,198,117,0.9997058510780334
2012,198,117,0.9997051358222961
2013,198,117,0.9997045397758484
2014,198,117,0.9997037053108215
2015,198,117,0.9997045397758484
2016,198,117,0.9997033476829529
2017,198,117,0.9997041821479797
2018,198,117,0.9997051358222961
2019,198,117,0.999705970287323
2020,198,117,0.9997043013572693
2021,198,117,0.999704897403717
2022,198,117,0.999704897403717
2023,198,117,0.9997043013572693
2024,762,357,0.9997153878211975
2025,198,117,0.9997031092643738
2026,1344,351,0.9997249245643616
2027,198,117,0.9997064471244812
2028,198,117,0.9997046589851379
2029,198,117,0.9997052550315857
2030,198,117,0.9997043013572693
2031,198,117,0.9997077584266663
2032,198,117,0.9997063279151917
2033,198,117,0.9997252821922302
2034,198,117,0.9997046589851379
2035,120,111,0.9996707439422607
2036,120,111,0.999671220779419
2037,120,111,0.9996702671051025
2038,120,111,0.9996727705001831
2039,120,111,0.9996727705001831
2040,120,111,0.9996731281280518
2041,120,111,0.9996726512908936
2042,120,111,0.9996720552444458
2043,120,111,0.9996730089187622
2044,120,111,0.9996728897094727
2045,120,111,0.9996681213378906
2046,120,111,0.9996693134307861
2047,120,111,0.9996696710586548
2048,120,111,0.9996840953826904
2049,120,111,0.9996987581253052
2050,120,111,0.9996877908706665
2051,120,111,0.999687671661377
2052,120,111,0.999687671661377
2053,120,111,0.999687671661377
2054,1170,357,0.999690055847168
2055,120,111,0.9996881484985352
2056,1170,357,0.9997126460075378
2057,1170,357,0.9997381567955017
2058,1170,357,0.9997501969337463
2059,1170,357,0.9997628331184387
2060,1170,357,0.9997724890708923
2061,1170,357,0.9997780919075012
2062,1170,357,0.9998059868812561
2063,1170,357,0.9998109936714172
2064,1170,357,0.9997808337211609
2065,1170,357,0.999779999256134
2066,1530,357,0.9997609257698059
2067,1530,357,0.9997610449790955
2068,1386,357,0.9997984766960144
2069,1386,357,0.9997871518135071
2070,1386,357,0.99979168176651
2071,1386,357,0.9997789263725281
2072,1386,357,0.9997946619987488
2073,1386,357,0.9997623562812805
2074,1386,357,0.9997496008872986
2075,1386,357,0.999711811542511
2076,1458,357,0.9996999502182007
2077,1458,357,0.9997063279151917
2078,1458,357,0.999724805355072
2079,1458,357,0.9997041821479797
2080,120,111,0.9996875524520874
2081,120,111,0.999687671661377
2082,120,111,0.9996867179870605
2083,120,111,0.9996891021728516
2084,120,111,0.9996892213821411
2085,120,111,0.9996917247772217
2086,120,111,0.9996902942657471
2087,1626,357,0.9997119307518005
2088,1626,357,0.9997320771217346
2089,1626,357,0.99974125623703
2090,1626,357,0.9997310042381287
2091,1626,357,0.9997460246086121
2092,1626,357,0.9997230172157288
2093,120,111,0.9996910095214844
2094,120,111,0.9996912479400635
2095,120,111,0.9996905326843262
2096,1626,357,0.9997009038925171
2097,120,111,0.9996901750564575
2098,120,111,0.9996904134750366
2099,1626,357,0.9996976852416992
2100,120,111,0.9996899366378784
2101,120,111,0.9996901750564575
2102,120,111,0.9996908903121948
2103,120,111,0.9996899366378784
2104,120,111,0.9996894598007202
2105,120,111,0.9996906518936157
2106,120,111,0.9996898174285889
2107,120,111,0.9996899366378784
2108,120,111,0.9996926784515381
2109,120,111,0.9996877908706665
2110,1602,357,0.999692440032959
2111,1602,357,0.9996980428695679
2112,120,111,0.9996863603591919
2113,120,111,0.9996864795684814
2114,120,111,0.9996867179870605
2115,120,111,0.9996864795684814
2116,120,111,0.9996860027313232
2117,120,111,0.9996858835220337
2118,120,111,0.999685525894165
2119,120,111,0.9996864795684814
2120,120,111,0.9996860027313232
2121,120,111,0.9996880292892456
2122,120,111,0.9996892213821411
2123,120,111,0.999688982963562
2124,120,111,0.9996883869171143
2125,120,111,0.999687910079956
2126,120,111,0.9996875524520874
2127,120,111,0.9996894598007202
2128,120,111,0.9996901750564575
2129,120,111,0.9996899366378784
2130,120,111,0.9996893405914307
2131,120,111,0.9996894598007202
2132,120,111,0.9996894598007202
2133,120,111,0.9996891021728516
2134,120,111,0.9996923208236694
2135,120,111,0.9996896982192993
2136,120,111,0.9996893405914307
2137,120,111,0.9996899366378784
2138,120,111,0.9996899366378784
2139,120,111,0.9996894598007202
2140,120,111,0.9996898174285889
2141,120,111,0.9996906518936157
2142,120,111,0.9996906518936157
2143,120,111,0.9996902942657471
2144,120,111,0.9996901750564575
2145,120,111,0.9996907711029053
2146,120,111,0.9996908903121948
2147,120,111,0.9996908903121948
2148,120,111,0.9996907711029053
2149,378,381,0.9997546076774597
2150,72,99,0.9997450709342957
2151,1794,357,0.9997243285179138
2152,1794,357,0.9997275471687317
2153,1770,357,0.9997324347496033
2154,834,333,0.9997332692146301
2155,1770,357,0.9997404217720032
2156,1770,357,0.9997441172599792
2157,1770,357,0.9997448325157166
2158,1770,357,0.9997480511665344
2159,1770,357,0.9997413754463196
2160,1770,357,0.9997450709342957
2161,1338,357,0.9997360110282898
2162,198,117,0.9998468160629272
2163,198,117,0.9998831748962402
2164,198,117,0.9998825788497925
2165,198,117,0.9998812675476074
2166,198,117,0.9998822212219238
2167,198,117,0.9998830556869507
2168,198,117,0.9998801946640015
2169,198,117,0.9998818635940552
2170,198,117,0.9998798370361328
2171,198,117,0.9998772144317627
2172,198,117,0.9998761415481567
2173,198,117,0.9998738765716553
2174,198,117,0.9998784065246582
2175,198,117,0.9998788833618164
2176,198,117,0.9998629093170166
2177,198,117,0.9998749494552612
2178,198,117,0.9998754262924194
2179,198,117,0.9998756647109985
2180,198,117,0.9998764991760254
2181,198,117,0.9998747110366821
2182,198,117,0.9998769760131836
2183,198,117,0.9998773336410522
2184,198,117,0.9998776912689209
2185,198,117,0.9998757839202881
2186,1290,357,0.9997633099555969
2187,1266,357,0.9997711777687073
2188,1266,357,0.999776303768158
2189,1266,357,0.9997715353965759
2190,1266,357,0.9997604489326477
2191,1266,357,0.9997475743293762
2192,1170,357,0.9997463822364807
2193,1170,357,0.999738872051239
2194,1194,357,0.9997610449790955
2195,1170,357,0.9997597336769104
2196,1170,357,0.999790370464325
2197,1170,357,0.9997850060462952
2198,1098,357,0.9997829794883728
2199,1098,357,0.9998080134391785
2200,1098,357,0.9997734427452087
2201,1098,357,0.9997588992118835
2202,1074,357,0.9997580647468567
2203,1074,357,0.9997327923774719
2204,1050,357,0.9997926354408264
2205,1050,357,0.9998291730880737
2206,1050,357,0.9997755885124207
2207,1050,357,0.9997121691703796
2208,1794,381,0.9996961355209351
2209,1818,381,0.9997108578681946
2210,1818,381,0.9997419714927673
2211,1458,381,0.9998152852058411
2212,1818,381,0.9998237490653992
2213,1818,381,0.9998569488525391
2214,1818,381,0.9998557567596436
2215,1818,381,0.9998487234115601
2216,1818,381,0.9998173117637634
2217,1818,381,0.9997790455818176
2218,978,357,0.9997395873069763
2219,978,357,0.9997671246528625
2220,978,357,0.9997852444648743
2221,978,357,0.9998053908348083
2222,978,357,0.9997790455818176
2223,978,357,0.9997541308403015
2224,1146,357,0.9997518658638
2225,978,357,0.9997639060020447
2226,978,357,0.999758780002594
2227,1818,381,0.9997629523277283
2228,1242,357,0.9997757077217102
2229,1242,357,0.9997394680976868
2230,1818,381,0.9997243285179138
2231,1266,357,0.999742329120636
2232,1266,357,0.9997536540031433
2233,1266,357,0.9997504353523254
2234,1290,357,0.9997188448905945
2235,1290,357,0.9997219443321228
2236,210,117,0.9998016953468323
2237,1458,357,0.9997597336769104
2238,882,333,0.9998024106025696
2239,882,333,0.9998063445091248
2240,906,333,0.9997729659080505
2241,954,333,0.9997885823249817
2242,954,333,0.9997568726539612
2243,978,333,0.9997754693031311
2244,978,333,0.9997773766517639
2245,1026,333,0.9998310804367065
2246,1026,333,0.9998651742935181
2247,1026,333,0.9998770952224731
2248,1026,333,0.9998636245727539
2249,1038,333,0.9998631477355957
2250,1050,333,0.9997444748878479
2251,1098,333,0.9997780919075012
2252,1554,357,0.9997804760932922
2253,1074,333,0.9998111128807068
2254,1098,333,0.9997627139091492
2255,1098,333,0.9997559189796448
2256,1098,333,0.9998112320899963
2257,1098,333,0.999836802482605
2258,1098,333,0.9997970461845398
2259,1098,333,0.9998076558113098
2260,1074,333,0.9999085664749146
2261,1098,333,0.9998422861099243
2262,1098,333,0.9997734427452087
2263,1074,333,0.999769389629364
2264,1578,357,0.9997628331184387
2265,1050,333,0.9998177886009216
2266,1050,333,0.9998412132263184
2267,1050,333,0.999767005443573
2268,198,117,0.9997434020042419
2269,198,117,0.9997674822807312
2270,1482,357,0.9997779726982117
2271,1482,357,0.9998408555984497
2272,1482,357,0.9998461008071899
2273,1482,357,0.9997668862342834
2274,1458,357,0.9997631907463074
2275,1410,357,0.9997733235359192
2276,1410,357,0.9998205304145813
2277,1410,357,0.9998069405555725
2278,198,117,0.9997437596321106
2279,198,117,0.9997486472129822
2280,198,117,0.9997319579124451
2281,198,117,0.9997252821922302
2282,198,117,0.9997437596321106
2283,1314,357,0.9997549653053284
2284,198,117,0.9997581839561462
2285,198,117,0.999761164188385
2286,1818,381,0.9998779296875
2287,1818,381,0.9998542070388794
2288,1242,357,0.999783456325531
2289,1242,357,0.9997840523719788
2290,1242,357,0.9997566342353821
2291,1218,357,0.9997267127037048
2292,1218,357,0.9996564388275146
2293,1194,357,0.9996839761734009
2294,1194,357,0.9997377991676331
2295,1170,357,0.9996546506881714
2296,1170,357,0.9996858835220337
2297,1554,381,0.9996896982192993
2298,1554,381,0.999699592590332
2299,1554,381,0.9997045397758484
2300,1554,381,0.999735414981842
2301,1578,381,0.9997840523719788
2302,1578,381,0.9997677206993103
2303,1554,381,0.9997637867927551
2304,1554,381,0.9997368454933167
2305,1530,381,0.9997244477272034
2306,1530,381,0.9997768998146057
2307,1530,381,0.9997548460960388
2308,1530,381,0.9996511936187744
2309,1506,381,0.9996609687805176
2310,1482,381,0.9996882677078247
2311,1482,381,0.9997910857200623
2312,186,117,0.9997116923332214
2313,1458,381,0.9997214674949646
2314,1458,381,0.9997567534446716
2315,1458,381,0.9997734427452087
2316,1458,381,0.9996689558029175
2317,120,111,0.9995467066764832
2318,1842,333,0.9997358918190002
2319,1842,333,0.9996774196624756
2320,1458,333,0.9996824264526367
2321,1482,333,0.9996451139450073
2322,1554,333,0.9996286630630493
2323,1554,333,0.9996672868728638
2324,1554,333,0.9996321201324463
2325,762,333,0.999562680721283
2326,1722,333,0.9995643496513367
2327,486,321,0.9996421337127686
2328,1746,333,0.9996147155761719
2329,462,321,0.9996083378791809
2330,462,321,0.999629020690918
2331,462,321,0.9996660947799683
2332,462,321,0.9996305704116821
2333,462,321,0.9996548891067505
2334,462,321,0.9997130036354065
2335,462,321,0.9996733665466309
2336,120,111,0.9995574355125427
2337,120,111,0.9995564818382263
2338,120,111,0.9995569586753845
2339,120,111,0.9995556473731995
2340,120,111,0.9995531439781189
2341,120,111,0.9995535016059875
2342,120,111,0.9995555281639099
2343,120,111,0.9995476603507996
2344,120,111,0.9995501637458801
2345,1686,321,0.9996095299720764
2346,1518,321,0.9995582699775696
2347,1686,321,0.9996329545974731
2348,1662,321,0.9996631145477295
2349,120,111,0.9995555281639099
2350,120,111,0.9995566010475159
2351,120,111,0.9995569586753845
2352,1506,321,0.9995866417884827
2353,1650,321,0.9996412992477417
2354,438,321,0.999718964099884
2355,558,321,0.9997664093971252
2356,510,321,0.9997321963310242
2357,558,321,0.9996401071548462
2358,1398,321,0.9996699094772339
2359,1842,333,0.9996551275253296
2360,1626,333,0.9996795654296875
2361,1794,333,0.9996234178543091
2362,1386,333,0.9996575117111206
2363,1530,333,0.9996694326400757
2364,1698,333,0.999640703201294
2365,1602,333,0.999731719493866
2366,1458,333,0.999764621257782
2367,1458,333,0.9996888637542725
2368,1362,333,0.9998645782470703
2369,1842,333,0.9997768998146057
2370,1770,333,0.9997984766960144
2371,498,333,0.999811589717865
2372,1626,333,0.9998136162757874
2373,1578,333,0.9998923540115356
2374,1338,333,0.9998345375061035
2375,1314,333,0.9998241066932678
2376,1314,333,0.9997760653495789
2377,1074,333,0.99972003698349
2378,1050,333,0.9996247291564941
2379,120,135,0.9995889067649841
2380,1542,333,0.9997144341468811
2381,1518,345,0.9995978474617004
2382,120,135,0.9995895028114319
2383,1302,345,0.9996010661125183
2384,120,135,0.9995918869972229
2385,120,135,0.9995904564857483
2386,120,135,0.9995898604393005
2387,120,135,0.9995877146720886
2388,1218,345,0.999596893787384
2389,120,135,0.9995866417884827
2390,120,135,0.9995892643928528
2391,120,135,0.99958735704422
2392,120,135,0.9995915293693542
2393,474,357,0.9996055960655212
2394,474,357,0.9997026324272156
2395,426,357,0.9997435212135315
2396,426,357,0.999729573726654
2397,642,357,0.999756395816803
2398,1242,357,0.9998364448547363
2399,1314,357,0.9996967315673828
2400,1170,357,0.9996265172958374
2401,120,135,0.9995841383934021
2402,834,357,0.9996739625930786
2403,1290,357,0.9997300505638123
2404,1218,357,0.9998446702957153
2405,1002,357,0.9998013377189636
2406,1554,357,0.9997898936271667
2407,1194,357,0.999782383441925
2408,1746,357,0.9997434020042419
2409,1266,357,0.9997392296791077
2410,1314,357,0.9997250437736511
2411,1386,357,0.9996892213821411
2412,1722,357,0.9996201992034912
2413,414,369,0.9997239708900452
2414,1626,357,0.9996391534805298
2415,1626,357,0.9995912909507751
2416,1698,357,0.9996150732040405
2417,120,135,0.9995878338813782
2418,1602,357,0.9996490478515625
2419,1602,357,0.9996138215065002
2420,1674,357,0.9995915293693542
2421,120,135,0.9995867609977722
2422,120,135,0.9995878338813782
2423,120,135,0.9995883107185364
2424,306,381,0.9996755123138428
2425,306,381,0.9997066855430603
2426,120,135,0.9995877146720886
2427,120,135,0.9995892643928528
2428,402,381,0.9996395111083984
2429,402,381,0.9995916485786438
2430,120,135,0.9995860457420349
2431,1314,357,0.9996494054794312
2432,120,135,0.9995781779289246
2433,120,135,0.9995513558387756
2434,120,111,0.9995537400245667
2435,120,111,0.999553382396698
2436,120,135,0.9995551705360413
2437,120,135,0.9995573163032532
2438,546,381,0.9996591806411743
2439,282,381,0.9997182488441467
2440,282,381,0.9996436834335327
2441,282,381,0.9997360110282898
2442,120,111,0.9995546936988831
2443,120,111,0.9995535016059875
2444,354,381,0.9997281432151794
2445,306,381,0.9996083378791809
2446,306,381,0.9996663331985474
2447,378,381,0.999646782875061
2448,234,381,0.9997484087944031
2449,330,381,0.9998170733451843
2450,282,381,0.999697208404541
2451,258,381,0.999681830406189
2452,258,381,0.9996858835220337
2453,354,381,0.9995751976966858
2454,354,381,0.9996248483657837
2455,330,381,0.9996603727340698
2456,330,381,0.9997937083244324
2457,330,381,0.9998273253440857
2458,330,381,0.9997177720069885
2459,426,381,0.9996857643127441
2460,306,381,0.9996870756149292
2461,426,381,0.9997091889381409
2462,306,381,0.9997562766075134
2463,306,381,0.9997960925102234
2464,306,381,0.9996993541717529
2465,330,381,0.9996249675750732
2466,330,381,0.9996517896652222
2467,330,381,0.9996596574783325
2468,330,381,0.9996711015701294
2469,330,381,0.9996925592422485
2470,330,381,0.9996600151062012
2471,330,381,0.999653697013855
2472,450,381,0.9996033310890198
2473,402,381,0.9996069073677063
2474,402,381,0.9996953010559082
2475,402,381,0.9997175335884094
2476,402,381,0.9996742010116577
2477,402,381,0.9995784163475037
2478,450,381,0.9995641112327576
2479,450,381,0.9996421337127686
2480,450,381,0.9996296167373657
2481,402,381,0.9995999932289124
2482,402,381,0.9996330738067627
2483,402,381,0.9995782971382141
2484,426,381,0.9995974898338318
2485,426,381,0.9995762705802917
2486,426,381,0.9996155500411987
2487,426,381,0.9996484518051147
2488,402,381,0.9997416138648987
2489,402,381,0.9997926354408264
2490,402,381,0.9997668862342834
2491,402,381,0.9997047781944275
2492,426,381,0.9996365308761597
2493,426,381,0.9996414184570312
2494,378,381,0.999670147895813
2495,378,381,0.9997199177742004
2496,378,381,0.9997103810310364
2497,378,381,0.9997238516807556
2498,378,381,0.9997110962867737
2499,426,381,0.9996951818466187
2500,426,381,0.9997101426124573
2501,426,381,0.999718964099884
2502,426,381,0.9997298121452332
2503,426,381,0.99973064661026
2504,426,381,0.9997076392173767
2505,426,381,0.9996957778930664
2506,426,381,0.9996926784515381
2507,426,381,0.999691367149353
2508,426,381,0.999701201915741
2509,426,381,0.9996926784515381
2510,426,381,0.9996932744979858
2511,426,381,0.9996904134750366
2512,426,381,0.9996795654296875
2513,426,381,0.9996664524078369
2514,426,381,0.9996782541275024
2515,426,381,0.999686598777771
2516,426,381,0.9996994733810425
2517,474,381,0.9997370839118958
2518,474,381,0.9997099041938782
2519,378,381,0.9997400641441345
2520,378,381,0.9997684359550476
2521,378,381,0.9997857213020325
2522,378,381,0.9997888207435608
2523,378,381,0.9997774958610535
2524,378,381,0.999769389629364
2525,378,381,0.999749481678009
2526,378,381,0.9997250437736511
2527,378,381,0.9996858835220337
2528,402,381,0.9996654987335205
2529,402,381,0.9996925592422485
2530,402,381,0.9997125267982483
2531,402,381,0.9997226595878601
2532,402,381,0.9997373223304749
2533,402,381,0.9997362494468689
2534,402,381,0.9997369647026062
2535,402,381,0.9997220635414124
2536,402,381,0.9996953010559082
2537,426,381,0.9996989965438843
2538,426,381,0.999721109867096
2539,426,381,0.9997430443763733
2540,426,381,0.9997442364692688
2541,426,381,0.9997536540031433
2542,258,381,0.9997146725654602
2543,120,111,0.9996504783630371
2544,1338,357,0.9997318387031555
2545,1254,357,0.9996626377105713
2546,1386,357,0.9996254444122314
2547,426,357,0.9996824264526367
2548,426,357,0.9996562004089355
2549,1722,357,0.9996732473373413
2550,450,357,0.9996685981750488
2551,1242,357,0.9996898174285889
2552,594,357,0.9997480511665344
2553,594,357,0.9997627139091492
2554,594,357,0.9997833371162415
2555,594,357,0.9997715353965759
2556,1770,357,0.9996899366378784
2557,1434,357,0.9997808337211609
2558,1242,357,0.9997755885124207
2559,1482,357,0.9997367262840271
2560,1362,357,0.9997168183326721
2561,1482,357,0.9997088313102722
2562,210,117,0.999806821346283
2563,1218,357,0.9997485280036926
2564,1434,357,0.9997254014015198
2565,1290,357,0.999699592590332
2566,1194,357,0.9996851682662964
2567,1290,357,0.9997106194496155
2568,1194,357,0.9996793270111084
2569,1194,357,0.9996891021728516
2570,1194,357,0.99964439868927
2571,978,357,0.9996340274810791
2572,1410,357,0.9997001886367798
2573,120,135,0.9995805621147156
2574,120,135,0.9995847344398499
2575,1398,357,0.999714195728302
2576,120,135,0.9995844960212708
2577,120,135,0.9995824694633484
2578,1386,357,0.9996147155761719
2579,120,135,0.9995833039283752
2580,120,135,0.9995825886726379
2581,330,369,0.9995856881141663
2582,120,135,0.999584972858429
2583,120,135,0.9995865225791931
2584,318,369,0.9996258020401001
2585,1626,357,0.9996010661125183
2586,462,369,0.9996218681335449
2587,1350,357,0.9996001124382019
2588,1626,357,0.9995998740196228
2589,120,135,0.9995914101600647
2590,120,135,0.9995935559272766
2591,1602,357,0.9996514320373535
2592,1602,357,0.9996494054794312
2593,1602,357,0.9996416568756104
2594,1602,357,0.9996151924133301
2595,1602,357,0.9996306896209717
2596,1602,357,0.9996103644371033
2597,1602,357,0.9996131062507629
2598,120,135,0.9995941519737244
2599,120,135,0.9995929598808289
2600,1578,357,0.9996004700660706
2601,1578,357,0.9996564388275146
2602,1578,357,0.9996024966239929
2603,1578,357,0.9995957016944885
2604,120,135,0.9995902180671692
2605,120,135,0.9995900988578796
2606,120,135,0.9995902180671692
2607,120,135,0.9995899796485901
2608,120,135,0.9995898604393005
2609,120,135,0.9995902180671692
2610,120,135,0.9995904564857483
2611,120,135,0.9995904564857483
2612,120,135,0.9995893836021423
2613,120,135,0.9995879530906677
2614,120,135,0.9995889067649841
2615,120,135,0.999588668346405
2616,120,135,0.9995879530906677
2617,120,135,0.999588668346405
2618,120,135,0.9995887875556946
2619,120,135,0.9995887875556946
2620,120,135,0.9995892643928528
2621,120,135,0.9995896220207214
2622,120,135,0.9995899796485901
2623,120,135,0.9995896220207214
2624,120,135,0.9995896220207214
2625,120,135,0.9995891451835632
2626,120,135,0.999591052532196
2627,120,135,0.9995928406715393
2628,264,375,0.9996299743652344
2629,120,135,0.9995927214622498
2630,120,135,0.9995926022529602
2631,120,135,0.9995924830436707
2632,120,135,0.9995927214622498
2633,120,135,0.9995924830436707
2634,120,135,0.9995924830436707
2635,120,135,0.999592125415802
2636,120,135,0.9995922446250916
2637,120,135,0.999589741230011
2638,120,135,0.999600350856781
2639,120,135,0.9995985627174377
2640,120,135,0.9995989203453064
2641,120,135,0.9995993971824646
2642,120,135,0.9996028542518616
2643,120,135,0.9996019005775452
2644,120,135,0.9996052384376526
2645,120,135,0.9996035695075989
2646,120,135,0.9996034502983093
2647,120,135,0.9996029734611511
2648,120,135,0.9996029734611511
2649,120,135,0.999602735042572
2650,120,135,0.9996029734611511
2651,120,135,0.9996033310890198
2652,120,135,0.9996032118797302
2653,120,135,0.9996034502983093
2654,120,135,0.9996035695075989
2655,120,135,0.9996035695075989
2656,120,135,0.9996034502983093
2657,210,381,0.9996562004089355
2658,210,381,0.9996846914291382
2659,210,381,0.9996278285980225
2660,330,381,0.9996100068092346
2661,120,135,0.9996030926704407
2662,546,381,0.999648928642273
2663,546,381,0.9996129870414734
2664,120,135,0.9996079802513123
2665,120,135,0.9996082186698914
2666,210,381,0.9996919631958008
2667,186,381,0.9996436834335327
2668,186,381,0.999652624130249
2669,186,381,0.9996578693389893
2670,186,381,0.9996722936630249
2671,186,381,0.9996912479400635
2672,186,381,0.9996925592422485
2673,186,381,0.9996688365936279
2674,186,381,0.9996864795684814
2675,186,381,0.9996898174285889
2676,186,381,0.9996834993362427
2677,186,381,0.9996358156204224
2678,120,135,0.9996065497398376
2679,186,381,0.9996175765991211
2680,186,381,0.999736487865448
2681,234,381,0.9996289014816284
2682,186,381,0.9996657371520996
2683,186,381,0.9997350573539734
2684,186,381,0.9997168183326721
2685,138,381,0.9997265934944153
2686,138,381,0.9997527003288269
2687,186,381,0.9997138381004333
2688,210,381,0.999648928642273
2689,210,381,0.9996902942657471
2690,210,381,0.9997155070304871
2691,186,381,0.9997453093528748
2692,186,381,0.9997628331184387
2693,210,381,0.9997766613960266
2694,210,381,0.9997323155403137
2695,186,381,0.9997407793998718
2696,282,381,0.999657154083252
2697,186,381,0.9996551275253296
2698,162,381,0.9997797608375549
2699,234,381,0.9996780157089233
2700,234,381,0.999695897102356
2701,234,381,0.9996911287307739
2702,186,381,0.9997077584266663
2703,186,381,0.9997262358665466
2704,186,381,0.9997544884681702
2705,186,381,0.9997559189796448
2706,186,381,0.9997751116752625
2707,186,381,0.9997263550758362
2708,186,381,0.9997389912605286
2709,210,381,0.9996790885925293
2710,258,381,0.9996778964996338
2711,258,381,0.9996675252914429
2712,402,381,0.9997403025627136
2713,234,381,0.9996455907821655
2714,330,381,0.9996556043624878
2715,210,381,0.9996938705444336
2716,258,381,0.9996657371520996
2717,258,381,0.9997028708457947
2718,210,381,0.9997714161872864
2719,198,117,0.9998527765274048
2720,198,117,0.9998099207878113
2721,198,117,0.999821126461029
2722,198,117,0.9998193383216858
2723,198,117,0.9998175501823425
2724,198,117,0.999816358089447
2725,642,285,0.9998446702957153
2726,642,285,0.9998561143875122
2727,642,285,0.9998338222503662
2728,198,117,0.9998193383216858
2729,198,117,0.9998189806938171
2730,198,117,0.9998200535774231
2731,198,117,0.9998179078102112
2732,198,117,0.9998196959495544
2733,198,117,0.999818742275238
2734,198,117,0.9998185038566589
2735,198,117,0.9998182654380798
2736,198,117,0.9998182654380798
2737,198,117,0.9998207688331604
2738,198,117,0.9998210072517395
2739,198,117,0.9998224377632141
2740,198,117,0.999805748462677
2741,198,117,0.9997597336769104
2742,810,285,0.9997460246086121
2743,858,285,0.9997355341911316
2744,858,285,0.9997512698173523
2745,858,285,0.9997556805610657
2746,858,285,0.9997221827507019
2747,858,285,0.9997232556343079
2748,858,285,0.999664306640625
2749,858,285,0.9996672868728638
2750,858,285,0.9996581077575684
2751,858,285,0.9996768236160278
2752,762,285,0.9997434020042419
2753,762,285,0.9997656941413879
2754,762,285,0.9998323917388916
2755,762,285,0.9997469782829285
2756,834,285,0.9996600151062012
2757,1794,309,0.999749481678009
2758,714,285,0.9997758269309998
2759,1842,309,0.9997469782829285
2760,1746,309,0.9997263550758362
2761,690,285,0.9997519850730896
2762,690,285,0.9997437596321106
2763,738,285,0.9997381567955017
2764,666,285,0.9997789263725281
2765,666,285,0.9997684359550476
2766,1842,309,0.9997820258140564
2767,1866,309,0.9997718930244446
2768,1818,309,0.9998538494110107
2769,1794,309,0.9997923970222473
2770,1794,309,0.9998296499252319
2771,1770,309,0.9998383522033691
2772,1770,309,0.9998430013656616
2773,1746,309,0.9997960925102234
2774,1746,309,0.9997403025627136
2775,72,99,0.9996680021286011
2776,72,99,0.9996453523635864
2777,72,99,0.999569833278656
2778,738,285,0.9996446371078491
2779,1230,309,0.9995728135108948
2780,72,99,0.9995114803314209
2781,1434,309,0.9996263980865479
2782,1434,309,0.9996864795684814
2783,1434,309,0.9997044205665588
2784,1458,309,0.9996472597122192
2785,1482,309,0.9996991157531738
2786,1482,309,0.9997588992118835
2787,1458,309,0.9997172951698303
2788,1458,309,0.9996639490127563
2789,1458,309,0.9995633959770203
2790,1266,309,0.9997226595878601
2791,1266,309,0.9996762275695801
2792,186,117,0.9996510744094849
2793,1074,309,0.9997099041938782
2794,1074,309,0.9997244477272034
2795,1074,309,0.9996755123138428
2796,1866,333,0.999758780002594
2797,1818,333,0.9996901750564575
2798,1002,309,0.9997195601463318
2799,186,117,0.999675989151001
2800,186,117,0.9996756315231323
2801,858,309,0.9996976852416992
2802,858,309,0.999718964099884
2803,1866,333,0.9997749924659729
2804,1842,333,0.999815046787262
2805,1842,333,0.9998255372047424
2806,1842,333,0.9997910857200623
2807,1818,333,0.9997761845588684
2808,1770,333,0.9997527003288269
2809,1770,333,0.9997612833976746
2810,186,117,0.9996547698974609
2811,186,117,0.999653697013855
2812,186,117,0.9996366500854492
2813,186,117,0.9996386766433716
2814,186,117,0.9996436834335327
2815,186,117,0.9996163845062256
2816,186,117,0.9996249675750732
2817,186,117,0.9996144771575928
2818,1554,333,0.9996490478515625
2819,186,117,0.9996243715286255
2820,186,117,0.9996193647384644
2821,186,117,0.9996216297149658
2822,186,117,0.999618411064148
2823,186,117,0.9996254444122314
2824,186,117,0.999625563621521
2825,186,117,0.9996263980865479
2826,186,117,0.9996248483657837
2827,186,117,0.9996182918548584
2828,186,117,0.9996117949485779
2829,786,309,0.9996579885482788
2830,786,309,0.9996880292892456
2831,762,309,0.9997069239616394
2832,810,309,0.9996994733810425
2833,810,309,0.9996674060821533
2834,186,117,0.9996227025985718
2835,882,309,0.9996943473815918
2836,882,309,0.9997891783714294
2837,906,309,0.9997734427452087
2838,906,309,0.9998044371604919
2839,906,309,0.9997209906578064
2840,978,309,0.9996484518051147
2841,186,117,0.9996762275695801
2842,186,117,0.9997072815895081
2843,186,117,0.9997157454490662
2844,186,117,0.9997105002403259
2845,186,117,0.9997105002403259
2846,186,117,0.9997052550315857
2847,186,117,0.9997091889381409
2848,186,117,0.9997021555900574
2849,186,117,0.9997016787528992
2850,186,117,0.9996980428695679
2851,186,117,0.9996989965438843
2852,186,117,0.9997060894966125
2853,186,117,0.9997124075889587
2854,186,117,0.9997105002403259
2855,186,117,0.9997116923332214
2856,186,117,0.9996992349624634
2857,186,117,0.9997001886367798
2858,186,117,0.9997004270553589
2859,186,117,0.9997015595436096
2860,186,117,0.9996957778930664
2861,1362,309,0.9997236132621765
2862,1362,309,0.9997146725654602
2863,186,117,0.9997007846832275
2864,186,117,0.9996978044509888
2865,186,117,0.9996275901794434
2866,198,117,0.9997385144233704
2867,198,117,0.9996950626373291
2868,198,117,0.9996998310089111
2869,198,117,0.9996941089630127
2870,198,117,0.9996956586837769
2871,198,117,0.9997004270553589
2872,198,117,0.9996963739395142
2873,198,117,0.9996931552886963
2874,198,117,0.9996960163116455
2875,198,117,0.9996968507766724
2876,198,117,0.9996931552886963
2877,198,117,0.9996961355209351
2878,1842,321,0.9997537732124329
2879,120,135,0.9995760321617126
2880,978,285,0.9997895359992981
2881,978,285,0.9997873902320862
2882,978,285,0.9997617602348328
2883,1050,285,0.9997574687004089
2884,1050,285,0.9997358918190002
2885,1050,285,0.9997416138648987
2886,426,309,0.9997451901435852
2887,426,309,0.9997379183769226
2888,426,309,0.9997267127037048
2889,954,285,0.9997653365135193
2890,954,285,0.9997839331626892
2891,954,285,0.9997947812080383
2892,954,285,0.9997983574867249
2893,1098,285,0.9998014569282532
2894,1098,285,0.999811589717865
2895,1098,285,0.999809205532074
2896,1098,285,0.9997970461845398
2897,330,309,0.999782383441925
2898,330,309,0.9997995495796204
2899,330,309,0.9998113512992859
2900,330,309,0.9998182654380798
2901,330,309,0.9998040795326233
2902,330,309,0.9997770190238953
2903,330,309,0.9997236132621765
2904,354,309,0.9997028708457947
2905,354,309,0.9996963739395142
2906,1146,285,0.9996906518936157
2907,402,309,0.999702513217926
2908,402,309,0.9997109770774841
2909,954,285,0.9997346997261047
2910,954,285,0.9997628331184387
2911,954,285,0.9997809529304504
2912,954,285,0.9997969269752502
2913,954,285,0.9998071789741516
2914,954,285,0.9998106360435486
2915,954,285,0.9998113512992859
2916,954,285,0.9998084902763367
2917,954,285,0.9997881054878235
2918,954,285,0.9997791647911072
2919,954,285,0.9997544884681702
2920,930,285,0.9997532963752747
2921,930,285,0.9997721314430237
2922,930,285,0.9997877478599548
2923,930,285,0.9997871518135071
2924,306,309,0.9998034834861755
2925,306,309,0.9998401403427124
2926,306,309,0.9998201727867126
2927,930,285,0.9998103976249695
2928,930,285,0.9998121857643127
2929,930,285,0.9998181462287903
2930,930,285,0.9998086094856262
2931,930,285,0.9998062252998352
2932,930,285,0.9998078942298889
2933,930,285,0.9998008608818054
2934,930,285,0.9998207688331604
2935,930,285,0.9998204112052917
2936,378,309,0.9998555183410645
2937,378,309,0.9998657703399658
2938,378,309,0.9998705387115479
2939,378,309,0.9998315572738647
2940,858,285,0.9998049139976501
2941,834,285,0.9997655749320984
2942,858,285,0.9998036026954651
2943,858,285,0.9998340606689453
2944,858,285,0.9998569488525391
2945,858,285,0.999816358089447
2946,834,285,0.999808132648468
2947,834,285,0.999818742275238
2948,834,285,0.9998213648796082
2949,834,285,0.9998224377632141
2950,834,285,0.9998161196708679
2951,834,285,0.9998372793197632
2952,810,285,0.9998279809951782
2953,810,285,0.999825656414032
2954,810,285,0.9998181462287903
2955,834,285,0.9998517036437988
2956,258,309,0.9998412132263184
2957,258,309,0.9998403787612915
2958,810,285,0.9998061060905457
2959,810,285,0.9997755885124207
2960,810,285,0.9998268485069275
2961,810,285,0.9997753500938416
2962,894,285,0.9997509121894836
2963,882,285,0.9997934699058533
2964,978,285,0.9998202919960022
2965,882,285,0.9998155236244202
2966,858,285,0.9997860789299011
2967,858,285,0.9998030066490173
2968,858,285,0.999799907207489
2969,258,309,0.9998155236244202
2970,258,309,0.9998229146003723
2971,978,285,0.9998551607131958
2972,954,285,0.9998714923858643
2973,282,309,0.9998019337654114
2974,282,309,0.9997969269752502
2975,930,285,0.9997932314872742
2976,1002,285,0.9997966885566711
2977,978,285,0.9998304843902588
2978,1002,285,0.9998286962509155
2979,1002,285,0.9998475313186646
2980,1002,285,0.9998406171798706
2981,1002,285,0.9998475313186646
2982,1002,285,0.9998515844345093
2983,1026,285,0.9998363256454468
2984,1026,285,0.9998326301574707
2985,1026,285,0.9998326301574707
2986,1050,285,0.9998307228088379
2987,1050,285,0.9998273253440857
2988,1098,285,0.9998270869255066
2989,1098,285,0.9998250603675842
2990,522,309,0.9998266100883484
2991,522,309,0.9998520612716675
2992,522,309,0.9998375177383423
2993,1170,285,0.999809205532074
2994,594,309,0.9998291730880737
2995,594,309,0.9998546838760376
2996,594,309,0.9998722076416016
2997,594,309,0.9998733997344971
2998,594,309,0.9998584985733032
2999,618,309,0.9997926354408264
3000,666,309,0.99983811378479
3001,666,309,0.9998581409454346
3002,666,309,0.999866247177124
3003,666,309,0.9998382329940796
3004,666,309,0.9998321533203125
3005,714,309,0.9998433589935303
3006,714,309,0.9998457431793213
3007,714,309,0.9998511075973511
3008,714,309,0.9998127818107605
3009,714,309,0.9997555613517761
3010,762,309,0.9997406601905823
3011,234,333,0.9997593760490417
3012,234,333,0.999805748462677
3013,714,309,0.9998328685760498
3014,186,117,0.9997908473014832
3015,714,381,0.9997159838676453
3016,714,381,0.9996699094772339
3017,714,381,0.9996466636657715
3018,714,381,0.9996824264526367
3019,714,381,0.9996684789657593
3020,714,381,0.9996108412742615
3021,120,135,0.9995958209037781
3022,120,135,0.999596893787384
3023,714,381,0.9995960593223572
3024,714,381,0.9996434450149536
3025,714,381,0.9996670484542847
3026,738,381,0.9996206760406494
3027,714,381,0.9996107220649719
3028,120,135,0.9995949864387512
3029,120,135,0.9995949864387512
3030,120,135,0.9995922446250916
3031,186,117,0.9996410608291626
3032,186,117,0.9996391534805298
3033,762,381,0.9996404647827148
3034,186,117,0.9996393918991089
3035,186,117,0.999638557434082
3036,186,117,0.9996391534805298
3037,762,381,0.9996386766433716
3038,186,117,0.9996389150619507
3039,258,405,0.9996738433837891
3040,762,381,0.9996651411056519
3041,258,405,0.9996850490570068
3042,258,405,0.9997082352638245
3043,258,405,0.9997351765632629
3044,258,405,0.9997077584266663
3045,258,405,0.9996932744979858
3046,258,405,0.9997180104255676
3047,258,405,0.9997088313102722
3048,258,405,0.9997219443321228
3049,258,405,0.9997265934944153
3050,258,405,0.9997397065162659
3051,258,405,0.9997249245643616
3052,258,405,0.9997237324714661
3053,258,405,0.9997013211250305
3054,186,117,0.9996285438537598
3055,258,405,0.9995905756950378
3056,120,111,0.9995774626731873
3057,258,405,0.9997478127479553
3058,258,405,0.999825656414032
3059,258,405,0.9997814297676086
3060,258,405,0.9996618032455444
3061,690,381,0.9996596574783325
3062,258,405,0.9996564388275146
3063,738,381,0.9996438026428223
3064,738,381,0.9996190071105957
3065,690,381,0.9996191263198853
3066,234,405,0.9995914101600647
3067,234,405,0.9996583461761475
3068,234,405,0.9997119307518005
3069,234,405,0.9997400641441345
3070,234,405,0.9997407793998718
3071,234,405,0.9997612833976746
3072,234,405,0.9997591376304626
3073,234,405,0.9997736811637878
3074,234,405,0.9997401833534241
3075,666,381,0.9997206330299377
3076,666,381,0.9997124075889587
3077,666,381,0.9996898174285889
3078,666,381,0.9996744394302368
3079,666,381,0.9996659755706787
3080,666,381,0.9996579885482788
3081,666,381,0.9996833801269531
3082,666,381,0.99967360496521
3083,666,381,0.9996762275695801
3084,666,381,0.9996925592422485
3085,666,381,0.9996942281723022
3086,666,381,0.9996620416641235
3087,666,381,0.999659538269043
3088,666,381,0.9996501207351685
3089,666,381,0.9996680021286011
3090,210,405,0.9996997117996216
3091,210,405,0.999666690826416
3092,210,405,0.9996331930160522
3093,120,135,0.9995741248130798
3094,120,135,0.9995766282081604
3095,120,135,0.9995768666267395
3096,120,135,0.9995757937431335
3097,120,135,0.9995761513710022
3098,120,135,0.9995753169059753
3099,120,135,0.9995742440223694
3100,120,135,0.9995728135108948
3101,120,135,0.9995729327201843
3102,120,135,0.9995734095573425
3103,120,135,0.9995720982551575
3104,120,135,0.9995654225349426
3105,1050,357,0.9996091723442078
3106,1050,357,0.9996086955070496
3107,1050,357,0.9996007084846497
3108,666,381,0.999574601650238
3109,120,135,0.9995667338371277
3110,120,135,0.9995688796043396
3111,120,135,0.9995689988136292
3112,120,135,0.9995670914649963
3113,120,135,0.9995630383491516
3114,120,135,0.9995651841163635
3115,120,135,0.9995655417442322
3116,120,135,0.9995653033256531
3117,120,135,0.9995657801628113
3118,120,135,0.9995672106742859
3119,120,135,0.9995666146278381
3120,120,135,0.9995686411857605
3121,120,135,0.9995670914649963
3122,594,381,0.9996727705001831
3123,594,381,0.9996302127838135
3124,120,135,0.9995689988136292
3125,954,357,0.999584972858429
3126,954,357,0.9995772242546082
3127,120,135,0.9995681643486023
3128,120,135,0.9995655417442322
3129,930,357,0.9995880722999573
3130,120,135,0.9995630383491516
3131,402,381,0.9995750784873962
3132,906,357,0.9996486902236938
3133,906,357,0.9996380805969238
3134,906,357,0.9995666146278381
3135,120,135,0.9995651841163635
3136,882,357,0.9996787309646606
3137,882,357,0.9996289014816284
3138,882,357,0.9995967745780945
3139,120,135,0.9995680451393127
3140,858,357,0.9997113347053528
3141,858,357,0.9997085928916931
3142,834,357,0.9996404647827148
3143,834,357,0.9997411370277405
3144,834,357,0.9998107552528381
3145,834,357,0.9997523427009583
3146,834,357,0.9997380375862122
3147,834,357,0.9997244477272034
3148,834,357,0.9996423721313477
3149,120,135,0.9995679259300232
3150,120,135,0.9995679259300232
3151,120,135,0.9995680451393127
3152,120,135,0.9995679259300232
3153,120,135,0.999566376209259
3154,120,135,0.9995655417442322
3155,120,135,0.9995701909065247
3156,120,135,0.9995680451393127
3157,120,135,0.9995686411857605
3158,120,135,0.9995675683021545
3159,120,135,0.999569833278656
3160,120,135,0.9995710253715515
3161,120,135,0.9995684027671814
3162,690,357,0.9995689988136292
3163,690,357,0.9995833039283752
3164,690,357,0.9996055960655212
3165,690,357,0.9995744824409485
3166,120,135,0.9995679259300232
3167,120,135,0.9995648264884949
3168,120,135,0.9995635151863098
3169,120,135,0.9995654225349426
3170,120,135,0.9995619654655457
3171,120,135,0.9995641112327576
3172,642,357,0.9996896982192993
3173,642,357,0.9996688365936279
3174,642,357,0.9996101260185242
3175,666,357,0.9995984435081482
3176,666,357,0.999607264995575
3177,666,357,0.999591052532196
3178,666,357,0.9995798468589783
3179,594,357,0.9996111989021301
3180,594,357,0.9996784925460815
3181,594,357,0.9997037053108215
3182,594,357,0.9996309280395508
3183,594,357,0.9996292591094971
3184,594,357,0.9996289014816284
3185,570,357,0.9996289014816284
3186,570,357,0.9996287822723389
3187,570,357,0.9996178150177002
3188,570,357,0.9996059536933899
3189,570,357,0.9996165037155151
3190,570,357,0.9996402263641357
3191,594,357,0.9996339082717896
3192,594,357,0.99968421459198
3193,594,357,0.9996606111526489
3194,570,357,0.9996055960655212
3195,570,357,0.9996236562728882
3196,570,357,0.9996247291564941
3197,570,357,0.9996533393859863
3198,570,357,0.999610960483551
3199,570,357,0.9996104836463928
3200,570,357,0.9995848536491394
3201,120,135,0.9995717406272888
3202,546,357,0.9995891451835632
3203,522,357,0.9995774626731873
3204,120,135,0.9995469450950623
3205,120,135,0.9995515942573547
3206,120,135,0.9995501637458801
3207,522,357,0.9995556473731995
3208,120,135,0.999549925327301
3209,120,135,0.9995498061180115
3210,120,135,0.9995500445365906
3211,120,135,0.9995496869087219
3212,120,135,0.9995488524436951
3213,1002,333,0.9995518326759338
3214,120,111,0.9995275735855103
3215,90,93,0.9996625185012817
3216,90,93,0.9997305274009705
3217,120,111,0.999625563621521
3218,204,117,0.9996488094329834
3219,618,165,0.9997712969779968
3220,618,165,0.9998137354850769
3221,66,381,0.9998254179954529
3222,66,381,0.9998611211776733
3223,66,381,0.9998878240585327
3224,66,381,0.9998595714569092
3225,66,381,0.9998362064361572
3226,66,381,0.9997908473014832
3227,66,381,0.9997838139533997
3228,66,381,0.9998106360435486
3229,66,381,0.9998031258583069
3230,66,381,0.9997814297676086
3231,66,381,0.999748170375824
3232,66,381,0.9997414946556091
3233,66,381,0.9997144341468811
3234,120,111,0.9997069239616394
3235,120,111,0.9997072815895081
3236,120,111,0.9997081160545349
3237,120,111,0.9997068047523499
3238,90,381,0.9997205138206482
3239,90,381,0.9997692704200745
3240,90,381,0.9997115731239319
3241,120,111,0.9997064471244812
3242,120,111,0.9997027516365051
3243,120,111,0.9997027516365051
3244,120,111,0.9997032284736633
3245,120,111,0.999702513217926
3246,120,111,0.9997026324272156
3247,120,111,0.9997034668922424
3248,120,111,0.9997037053108215
3249,120,111,0.9997028708457947
3250,120,111,0.9997031092643738
3251,120,111,0.9997032284736633
3252,120,111,0.9997019171714783
3253,120,111,0.999702513217926
3254,120,111,0.9997017979621887
3255,954,333,0.9997238516807556
3256,954,333,0.9997331500053406
3257,954,333,0.9997438788414001
3258,954,333,0.9997574687004089
3259,954,333,0.9997460246086121
3260,954,333,0.9997147917747498
3261,120,111,0.9997033476829529
3262,120,111,0.9997033476829529
3263,120,111,0.9997031092643738
3264,120,111,0.9997033476829529
3265,120,111,0.9997031092643738
3266,120,111,0.9997034668922424
3267,120,111,0.999703586101532
3268,354,357,0.9997119307518005
3269,120,111,0.999704897403717
3270,120,111,0.9997045397758484
3271,330,357,0.9997062087059021
3272,120,111,0.999702513217926
3273,120,111,0.999702513217926
3274,120,111,0.9997031092643738
3275,120,111,0.9997026324272156
3276,120,111,0.9997039437294006
3277,120,111,0.9997040629386902
3278,120,111,0.9997041821479797
3279,120,111,0.9997040629386902
3280,120,111,0.9997041821479797
3281,120,111,0.9997040629386902
3282,120,111,0.999703586101532
3283,120,111,0.9997026324272156
3284,120,111,0.9997026324272156
3285,120,111,0.9997016787528992
3286,120,111,0.9997005462646484
3287,690,333,0.99974125623703
3288,690,333,0.9997102618217468
3289,666,333,0.9997521042823792
3290,666,333,0.9997374415397644
3291,666,333,0.9997174143791199
3292,210,117,0.999792754650116
3293,120,111,0.9997010827064514
3294,618,333,0.9997507929801941
3295,618,333,0.9997716546058655
3296,594,333,0.999786913394928
3297,120,111,0.9997064471244812
3298,570,333,0.9997374415397644
3299,120,111,0.9997072815895081
3300,120,111,0.9997072815895081
3301,120,111,0.9997072815895081
3302,90,357,0.9997432827949524
3303,90,357,0.9997747540473938
3304,90,357,0.9997633099555969
3305,90,357,0.9997645020484924
3306,90,357,0.9997490048408508
3307,120,111,0.9997078776359558
3308,120,111,0.9997079968452454
3309,120,111,0.9997068047523499
3310,120,111,0.9997087121009827
3311,120,111,0.9997069239616394
3312,954,309,0.9997060894966125
3313,120,111,0.9997047781944275
3314,930,309,0.9997135996818542
3315,930,309,0.9997078776359558
3316,906,309,0.9997056126594543
3317,906,309,0.9997262358665466
3318,882,309,0.9997337460517883
3319,120,111,0.9996956586837769
3320,120,111,0.999697208404541
3321,120,111,0.9996961355209351
3322,120,111,0.9996973276138306
3323,882,309,0.9997420907020569
3324,882,309,0.9997209906578064
3325,120,111,0.9996988773345947
3326,120,111,0.9997000694274902
3327,120,111,0.9997000694274902
3328,786,309,0.9996988773345947
3329,120,111,0.9997014403343201
3330,120,111,0.9997157454490662
3331,120,111,0.9997162222862244
3332,120,111,0.9997175335884094
3333,120,111,0.9997187256813049
3334,120,111,0.9997184872627258
3335,120,111,0.9997190833091736
3336,714,309,0.9997795224189758
3337,714,309,0.9997708201408386
3338,690,309,0.9997480511665344
3339,690,309,0.999809205532074
3340,690,309,0.9998144507408142
3341,690,309,0.9997729659080505
3342,690,309,0.9997225403785706
3343,642,309,0.9997445940971375
3344,642,309,0.9997569918632507
3345,618,309,0.9997366070747375
3346,618,309,0.9997707009315491
3347,618,309,0.9997602105140686
3348,120,111,0.9997332692146301
3349,120,111,0.9997338652610779
3350,570,309,0.9997491240501404
3351,570,309,0.9998050332069397
3352,90,333,0.9998396635055542
3353,90,333,0.9998471736907959
3354,90,333,0.9998190999031067
3355,90,333,0.9997565150260925
3356,120,111,0.9997292160987854
3357,120,111,0.9997308850288391
3358,120,111,0.9997343420982361
3359,120,111,0.9997294545173645
3360,120,111,0.9997333884239197
3361,120,111,0.9997377991676331
3362,120,111,0.9997380375862122
3363,120,111,0.999737560749054
3364,978,285,0.9997661709785461
3365,978,285,0.9997552037239075
3366,120,111,0.9997381567955017
3367,954,285,0.9997528195381165
3368,954,285,0.9997524619102478
3369,930,285,0.9997771382331848
3370,930,285,0.99979168176651
3371,930,285,0.9997878670692444
3372,930,285,0.9997770190238953
3373,906,285,0.9997718930244446
3374,906,285,0.9997813105583191
3375,906,285,0.9997768998146057
3376,906,285,0.9997660517692566
3377,906,285,0.9997603297233582
3378,906,285,0.9997550845146179
3379,906,285,0.9997513890266418
3380,306,309,0.9997513890266418
3381,306,309,0.9997722506523132
3382,306,309,0.9997523427009583
3383,858,285,0.9997678399085999
3384,858,285,0.999794065952301
3385,858,285,0.9997671246528625
3386,120,111,0.9997394680976868
3387,306,309,0.9997492432594299
3388,306,309,0.9997416138648987
3389,282,309,0.9997702240943909
3390,282,309,0.9998119473457336
3391,282,309,0.9998366832733154
3392,282,309,0.9998238682746887
3393,282,309,0.9998261332511902
3394,282,309,0.9998084902763367
3395,282,309,0.9997842907905579
3396,282,309,0.9997519850730896
3397,120,111,0.9997463822364807
3398,120,111,0.9997459053993225
3399,120,111,0.9997459053993225
3400,282,309,0.9997634291648865
3401,282,309,0.9997617602348328
3402,282,309,0.9997591376304626
3403,282,309,0.9997618794441223
3404,120,111,0.9997435212135315
3405,282,309,0.9997486472129822
3406,282,309,0.9997469782829285
3407,120,111,0.999743640422821
3408,120,111,0.9997441172599792
3409,120,111,0.9997448325157166
3410,120,111,0.999744713306427
3411,120,111,0.9997451901435852
3412,120,111,0.9997451901435852
3413,120,111,0.9997456669807434
3414,120,111,0.9997469782829285
3415,258,309,0.9997521042823792
3416,120,111,0.9997474551200867
3417,258,309,0.9997690320014954
3418,258,309,0.999804675579071
3419,258,309,0.9997840523719788
3420,258,309,0.9997525811195374
3421,120,111,0.9997395873069763
3422,762,285,0.9997454285621643
3423,762,285,0.9997543692588806
3424,762,285,0.9997532963752747
3425,762,285,0.9997594952583313
3426,690,285,0.9998030066490173
3427,120,111,0.9997594952583313
3428,210,333,0.9997573494911194
3429,978,309,0.9997569918632507
3430,978,309,0.9997683167457581
3431,978,309,0.9997668862342834
3432,978,309,0.9997805953025818
3433,978,309,0.9998025298118591
3434,978,309,0.9998039603233337
3435,978,309,0.9998063445091248
3436,978,309,0.9997990727424622
3437,978,309,0.9997796416282654
3438,210,333,0.9997640252113342
3439,210,333,0.9997801184654236
3440,210,333,0.9997770190238953
3441,210,333,0.9997500777244568
3442,186,333,0.9997414946556091
3443,120,111,0.9997269511222839
3444,120,111,0.9997269511222839
3445,120,111,0.9997287392616272
3446,120,111,0.9997288584709167
3447,120,111,0.9997281432151794
3448,120,111,0.9997264742851257
3449,210,333,0.9997571110725403
3450,210,333,0.9997767806053162
3451,138,333,0.9997759461402893
3452,138,333,0.9997666478157043
3453,138,333,0.9997711777687073
3454,138,333,0.9997586607933044
3455,138,333,0.9997251629829407
3456,138,333,0.9997245669364929
3457,120,111,0.9997143149375916
3458,120,111,0.9997147917747498
3459,120,111,0.9997168183326721
3460,66,333,0.999723494052887
3461,66,333,0.9998070597648621
3462,66,333,0.9998124241828918
3463,66,333,0.9998039603233337
3464,66,333,0.9997774958610535
3465,120,111,0.9997207522392273
3466,120,111,0.9997203946113586
3467,120,111,0.9997174143791199
3468,90,333,0.9997443556785583
3469,90,333,0.9997256398200989
3470,66,333,0.9997541308403015
3471,66,333,0.999775230884552
3472,666,309,0.9997352957725525
3473,42,333,0.9998065829277039
3474,42,333,0.9997931122779846
3475,42,333,0.9998631477355957
3476,42,333,0.9998364448547363
3477,42,333,0.9998430013656616
3478,42,333,0.9998158812522888
3479,258,333,0.9997674822807312
3480,90,333,0.9997445940971375
3481,90,333,0.9997887015342712
3482,90,333,0.9997949004173279
3483,162,333,0.9997721314430237
3484,162,333,0.9998466968536377
3485,162,333,0.9998751878738403
3486,162,333,0.9998111128807068
3487,162,333,0.999808132648468
3488,954,309,0.9997673630714417
3489,234,333,0.999782145023346
3490,930,309,0.9997833371162415
3491,930,309,0.9997808337211609
3492,954,309,0.9997538924217224
3493,1002,309,0.9997432827949524
3494,1026,309,0.9997528195381165
3495,1026,309,0.9997617602348328
3496,1026,309,0.9997332692146301
3497,120,111,0.9997171759605408
3498,120,111,0.9997168183326721
3499,120,111,0.9997139573097229
3500,120,111,0.9997147917747498
3501,120,111,0.9997162222862244
3502,1218,309,0.9997268319129944
3503,198,117,0.9998044371604919
3504,198,117,0.9998770952224731
3505,198,117,0.9998801946640015
3506,198,117,0.9998819828033447
3507,198,117,0.9998817443847656
3508,198,117,0.9998817443847656
3509,198,117,0.9998785257339478
3510,198,117,0.9998779296875
3511,198,117,0.9998769760131836
3512,198,117,0.9998761415481567
3513,198,117,0.9998769760131836
3514,198,117,0.999876856803894
3515,198,117,0.9998761415481567
3516,198,117,0.999874472618103
3517,198,117,0.9998750686645508
3518,198,117,0.999874472618103
3519,198,117,0.9998743534088135
3520,198,117,0.9998745918273926
3521,198,117,0.9998756647109985
3522,198,117,0.9998763799667358
3523,198,117,0.9998766183853149
3524,198,117,0.9998764991760254
3525,198,117,0.9998759031295776
3526,198,117,0.9998749494552612
3527,90,357,0.9998144507408142
3528,90,357,0.9998020529747009
3529,138,357,0.9997212290763855
3530,138,357,0.9997467398643494
3531,162,357,0.999790608882904
3532,162,357,0.9997946619987488
3533,882,333,0.9997770190238953
3534,882,333,0.9997337460517883
3535,162,357,0.9997689127922058
3536,162,357,0.9997605681419373
3537,120,111,0.9997144341468811
3538,120,111,0.9997146725654602
3539,954,333,0.9997667670249939
3540,120,111,0.9997161030769348
3541,120,111,0.9997163414955139
3542,120,111,0.9997164607048035
3543,834,333,0.9997321963310242
3544,834,333,0.9997492432594299
3545,858,333,0.9998148083686829
3546,834,333,0.9997509121894836
3547,834,333,0.9997645020484924
3548,882,333,0.9997472167015076
3549,834,333,0.9997453093528748
3550,120,111,0.9997137188911438
3551,120,111,0.9997140765190125
3552,120,111,0.9997146725654602
3553,120,111,0.9997181296348572
3554,120,111,0.999716579914093
3555,120,111,0.9997162222862244
3556,882,333,0.9997238516807556
3557,120,111,0.9997157454490662
3558,120,111,0.999715268611908
3559,882,333,0.9997316002845764
3560,906,333,0.9997339844703674
3561,906,333,0.9997381567955017
3562,906,333,0.9997497200965881
3563,906,333,0.9997438788414001
3564,906,333,0.9997413754463196
3565,906,333,0.9997535347938538
3566,906,333,0.999745786190033
3567,906,333,0.999727189540863
3568,120,111,0.9997125267982483
3569,120,111,0.9997125267982483
3570,120,111,0.9997116923332214
3571,120,111,0.9997115731239319
3572,120,111,0.999711811542511
3573,120,111,0.9997112154960632
3574,120,111,0.9997116923332214
3575,120,111,0.9997116923332214
3576,120,111,0.9997113347053528
3577,198,117,0.9997984766960144
3578,120,111,0.9997097849845886
3579,120,111,0.9997122883796692
3580,120,111,0.9997128844261169
3581,120,111,0.9997133612632751
3582,120,111,0.9997137188911438
3583,120,111,0.9997132420539856
3584,120,111,0.9997119307518005
3585,120,111,0.9997062087059021
3586,120,111,0.9997058510780334
3587,120,111,0.9997060894966125
3588,120,111,0.9997058510780334
3589,120,111,0.9997060894966125
3590,120,111,0.9997058510780334
3591,120,111,0.9997064471244812
3592,120,111,0.9997066855430603
3593,120,111,0.9997062087059021
3594,120,111,0.9997063279151917
3595,120,111,0.9997054934501648
3596,306,357,0.9997789263725281
3597,120,111,0.9997057318687439
3598,306,357,0.999798595905304
3599,306,357,0.9997653365135193
3600,882,333,0.9997424483299255
3601,882,333,0.9997269511222839
3602,858,333,0.9997579455375671
3603,858,333,0.9997254014015198
3604,198,117,0.9997395873069763
3605,198,117,0.9997406601905823
3606,198,117,0.9997400641441345
3607,198,117,0.9997398257255554
3608,198,117,0.9997385144233704
3609,198,117,0.999738872051239
3610,198,117,0.9997426867485046
3611,786,333,0.999756395816803
3612,198,117,0.9997437596321106
3613,198,117,0.999743640422821
3614,198,117,0.99974125623703
3615,810,333,0.9997469782829285
3616,198,117,0.9997413754463196
3617,198,117,0.999739944934845
3618,198,117,0.9997389912605286
3619,198,117,0.9997381567955017
3620,198,117,0.9997381567955017
3621,198,117,0.9997381567955017
3622,198,117,0.9997381567955017
3623,198,117,0.9997369647026062
3624,198,117,0.9997357726097107
3625,198,117,0.9997382760047913
3626,198,117,0.9997360110282898
3627,198,117,0.9997596144676208
3628,198,117,0.9997250437736511
3629,120,111,0.9997043013572693
3630,120,111,0.9997027516365051
3631,120,111,0.9997021555900574
3632,120,111,0.9997013211250305
3633,120,111,0.9996999502182007
3634,120,111,0.9997003078460693
3635,120,111,0.9997022747993469
3636,120,111,0.9996998310089111
3637,120,111,0.9996994733810425
3638,120,111,0.999698281288147
3639,120,111,0.9996968507766724
3640,120,111,0.9996976852416992
3641,120,111,0.9996961355209351
3642,120,111,0.9996970891952515
3643,120,111,0.9996969699859619
3644,120,111,0.9996973276138306
3645,120,111,0.9996984004974365
3646,120,111,0.9997003078460693
3647,120,111,0.9997020363807678
3648,120,111,0.9997014403343201
3649,120,111,0.999701201915741
3650,120,111,0.9997031092643738
3651,120,111,0.9997029900550842
3652,120,111,0.9997045397758484
3653,186,117,0.9997451901435852
3654,120,111,0.9997040629386902
3655,120,111,0.9997032284736633
3656,120,111,0.9997032284736633
3657,120,111,0.9997034668922424
3658,120,111,0.9997034668922424
3659,120,111,0.9997034668922424
3660,120,111,0.9997232556343079
3661,120,111,0.9997151494026184
3662,120,111,0.9996815919876099
3663,120,111,0.9997233748435974
3664,120,111,0.999683141708374
3665,258,165,0.9997549653053284
3666,618,165,0.9998131394386292
3667,90,141,0.999731719493866
3668,666,309,0.9997707009315491
3669,666,309,0.9998030066490173
3670,666,309,0.9998051524162292
3671,666,309,0.9997623562812805
3672,666,309,0.9997623562812805
3673,666,309,0.9997623562812805
3674,666,309,0.9997623562812805
3675,666,309,0.999762237071991
3676,666,309,0.999762237071991
3677,666,309,0.999762237071991
3678,666,309,0.9997619986534119
3679,666,309,0.9997621178627014
3680,666,309,0.9997621178627014
3681,666,309,0.999762237071991
3682,666,309,0.999762237071991
3683,666,309,0.999762237071991
3684,666,309,0.999762237071991
3685,666,309,0.9997623562812805
3686,666,309,0.999762237071991
3687,666,309,0.999762237071991
3688,666,309,0.999762237071991
3689,666,309,0.9997623562812805
3690,666,309,0.999762237071991
3691,666,309,0.999762237071991
3692,666,309,0.999762237071991
3693,666,309,0.9997623562812805
3694,666,309,0.999762237071991
3695,666,309,0.999762237071991
3696,666,309,0.999762237071991
3697,666,309,0.9997623562812805
3698,666,309,0.999762237071991
3699,666,309,0.999762237071991
3700,666,309,0.999762237071991
3701,666,309,0.9997623562812805
3702,666,309,0.999762237071991
3703,666,309,0.999762237071991
3704,666,309,0.999762237071991
3705,666,309,0.999762237071991
3706,666,309,0.999762237071991
3707,666,309,0.9997621178627014
3708,666,309,0.999762237071991
3709,666,309,0.9997623562812805
3710,666,309,0.9997623562812805
3711,666,309,0.9997624754905701
3712,666,309,0.9997549653053284
3713,666,309,0.9997532963752747
3714,666,309,0.9997581839561462
3715,666,309,0.9997590184211731
3716,666,309,0.9997588992118835
3717,666,309,0.9997588992118835
3718,666,309,0.9997590184211731
3719,666,309,0.9997590184211731
3720,666,309,0.9997590184211731
3721,666,309,0.9997590184211731
3722,666,309,0.9997591376304626
3723,666,309,0.9997592568397522
3724,666,309,0.9997591376304626
3725,666,309,0.9997591376304626
3726,666,309,0.9997592568397522
3727,666,309,0.999760091304779
3728,666,309,0.9997592568397522
3729,666,309,0.999760091304779
3730,666,309,0.999760091304779
3731,666,309,0.9997602105140686
3732,666,309,0.999760091304779
3733,666,309,0.9997599720954895
3734,666,309,0.9997604489326477
3735,666,309,0.9997608065605164
3736,666,309,0.9997605681419373
3737,666,309,0.9997606873512268
3738,666,309,0.9997608065605164
3739,666,309,0.9997608065605164
3740,666,309,0.9997606873512268
3741,666,309,0.9997606873512268
3742,666,309,0.9997605681419373
3743,666,309,0.9997605681419373
3744,666,309,0.9997605681419373
3745,666,309,0.9997606873512268
3746,666,309,0.9997606873512268
3747,666,309,0.9997606873512268
3748,666,309,0.9997606873512268
3749,666,309,0.9997608065605164
3750,666,309,0.9997606873512268
3751,666,309,0.9997608065605164
3752,666,309,0.9997606873512268
3753,666,309,0.9997606873512268
3754,666,309,0.9997608065605164
3755,666,309,0.9997606873512268
3756,666,309,0.9997606873512268
3757,666,309,0.9997608065605164
3758,666,309,0.9997608065605164
3759,666,309,0.9997606873512268
3760,666,309,0.9997606873512268
3761,666,309,0.9997606873512268
3762,126,753,0.999901294708252
3763,126,753,0.9999027252197266
3764,126,753,0.9999021291732788
3765,126,753,0.9998986721038818
3766,126,753,0.9998984336853027
3767,126,753,0.9998964071273804
3768,126,753,0.999897837638855
3769,126,753,0.9998917579650879
3770,126,753,0.9998944997787476
3771,126,753,0.999893069267273
3772,126,753,0.9998927116394043
3773,126,753,0.9998910427093506
3774,126,753,0.9998906850814819
3775,126,753,0.999884843826294
3776,126,753,0.9998807907104492
3777,126,753,0.9998867511749268
3778,126,753,0.9998904466629028
3779,126,753,0.99988853931427
3780,126,753,0.999891996383667
3781,126,753,0.9998915195465088
3782,126,753,0.999886155128479
3783,126,753,0.9998893737792969
3784,126,753,0.9998923540115356
3785,126,753,0.9998912811279297
3786,126,753,0.999896764755249
3787,126,753,0.9998956918716431
3788,126,753,0.9998878240585327
3789,126,753,0.9999076128005981
3790,126,753,0.9999117851257324
3791,126,753,0.9999231100082397
3792,126,753,0.9999188184738159
3793,126,753,0.9999197721481323
3794,126,753,0.999907374382019
3795,126,753,0.9999096393585205
3796,126,753,0.9998941421508789
3797,126,753,0.9998898506164551
3798,126,753,0.9999125003814697
3799,126,753,0.9999114274978638
3800,126,753,0.9999233484268188
3801,126,753,0.999910831451416
3802,126,753,0.9999178647994995
3803,126,753,0.9999104738235474
3804,126,753,0.9999178647994995
3805,126,753,0.999913215637207
3806,126,753,0.9999158382415771
3807,126,753,0.9999191761016846
3808,126,753,0.9999170303344727
3809,126,753,0.9999195337295532
3810,126,753,0.9999173879623413
3811,126,753,0.9999195337295532
3812,126,753,0.9999206066131592
3813,126,753,0.999922513961792
3814,126,753,0.9999215602874756
3815,126,753,0.9999222755432129
3816,126,753,0.9999228715896606
3817,126,753,0.9999191761016846
3818,126,753,0.999920129776001
3819,126,753,0.9999204874038696
3820,126,753,0.9999172687530518
3821,126,753,0.9999189376831055
3822,126,753,0.9999182224273682
3823,126,753,0.9999157190322876
3824,126,753,0.999914288520813
3825,126,753,0.9999135732650757
3826,126,753,0.9999157190322876
3827,126,753,0.9999183416366577
3828,126,753,0.9999171495437622
3829,126,753,0.999915599822998
3830,126,753,0.9999159574508667
3831,126,753,0.9999152421951294
3832,126,753,0.9999150037765503
3833,126,753,0.999915361404419
3834,126,753,0.9999151229858398
3835,126,753,0.9999145269393921
3836,126,753,0.9999141693115234
3837,126,753,0.9999145269393921
3838,126,753,0.9999158382415771
3839,126,753,0.9999138116836548
3840,126,753,0.9999094009399414
3841,126,753,0.9999188184738159
3842,126,753,0.9999221563339233
3843,126,753,0.9999212026596069
3844,126,753,0.9999229907989502
3845,126,753,0.9999253749847412
3846,126,753,0.9999243021011353
3847,126,753,0.9999228715896606
3848,126,753,0.9999244213104248
3849,126,753,0.9999251365661621
3850,126,753,0.9999251365661621
3851,126,753,0.9999246597290039
3852,126,753,0.9999247789382935
3853,126,753,0.9999257326126099
3854,126,753,0.9999277591705322
3855,126,753,0.9999226331710815
3856,126,753,0.9999194145202637
3857,126,753,0.9999222755432129
3858,126,753,0.9999245405197144
3859,126,753,0.9999263286590576
3860,126,753,0.9999264478683472
3861,126,753,0.9999245405197144
3862,126,753,0.9999245405197144
3863,126,753,0.9999207258224487
3864,126,753,0.9999222755432129
3865,126,753,0.9999223947525024
3866,126,753,0.9999271631240845
3867,138,765,0.999909520149231
3868,210,117,0.999797523021698
3869,666,309,0.9997614026069641
3870,666,309,0.9997614026069641
3871,666,309,0.9997612833976746
3872,666,309,0.9997612833976746
3873,666,309,0.9997614026069641
3874,666,309,0.9997614026069641
3875,666,309,0.9997614026069641
3876,666,309,0.9997614026069641
3877,666,309,0.9997614026069641
3878,666,309,0.9997614026069641
3879,666,309,0.9997614026069641
3880,666,309,0.9997614026069641
3881,666,309,0.9997614026069641
3882,666,309,0.9997614026069641
3883,666,309,0.9997614026069641
3884,666,309,0.9997614026069641
3885,666,309,0.9997614026069641
3886,666,309,0.9997542500495911
3887,666,309,0.9997292160987854
3888,234,333,0.9997113347053528
3889,162,333,0.999755322933197
3890,42,573,0.9998099207878113
3891,78,189,0.9999203681945801
3892,594,765,0.9999576807022095
3893,798,765,0.9999510049819946
3894,342,309,0.9999697208404541
3895,534,249,0.9999338388442993
3896,726,237,0.999941349029541
3897,738,213,0.9999034404754639
3898,834,165,0.9999302625656128
3899,834,165,0.9999305009841919
3900,834,165,0.9999305009841919
3901,738,213,0.9999369382858276
3902,810,885,0.9999536275863647
3903,930,669,0.9999097585678101
3904,1050,765,0.999945878982544
3905,1242,501,0.9999442100524902
3906,210,405,0.9998853206634521
3907,186,285,0.9998384714126587
3908,42,405,0.9998667240142822
3909,66,309,0.9997149109840393
3910,234,333,0.9996618032455444
3911,234,333,0.9996618032455444
3912,234,333,0.9996618032455444
3913,234,333,0.9996618032455444
3914,234,333,0.9996618032455444
3915,234,333,0.9996618032455444
3916,234,333,0.9996618032455444
3917,234,333,0.9996618032455444
3918,234,333,0.9996618032455444
3919,234,333,0.9996618032455444
3920,234,333,0.9996618032455444
3921,234,333,0.9996618032455444
3922,234,333,0.9996618032455444
3923,234,333,0.9996618032455444
3924,234,333,0.9996618032455444
3925,234,333,0.9996618032455444
3926,234,333,0.9996618032455444
3927,234,333,0.9996618032455444
3928,234,333,0.9996618032455444
3929,234,333,0.9996618032455444
3930,234,333,0.9996618032455444
3931,234,333,0.9996618032455444
3932,234,333,0.9996618032455444
3933,234,333,0.9996618032455444
3934,234,333,0.9996618032455444
3935,234,333,0.9996618032455444
3936,234,333,0.9996616840362549
3937,234,333,0.9996616840362549
3938,234,333,0.9996616840362549
3939,234,333,0.9996616840362549
3940,234,333,0.9996616840362549
3941,234,333,0.9996615648269653
3942,234,333,0.9996615648269653
3943,234,333,0.9996615648269653
3944,234,333,0.9996585845947266
3945,234,333,0.999660849571228
3946,234,333,0.9996644258499146
3947,234,333,0.999661922454834
3948,234,333,0.9996622800827026
3949,234,333,0.9996621608734131
3950,234,333,0.9996622800827026
3951,234,333,0.9996622800827026
3952,234,333,0.9996607303619385
3953,234,333,0.9996665716171265
3954,234,333,0.9996647834777832
3955,234,333,0.9996645450592041
3956,234,333,0.9996647834777832
3957,234,333,0.9996647834777832
3958,234,333,0.9996647834777832
3959,234,333,0.9996647834777832
3960,234,333,0.9996647834777832
3961,234,333,0.9996647834777832
3962,234,333,0.9996647834777832
3963,234,333,0.9996647834777832
3964,234,333,0.9996647834777832
3965,234,333,0.9996647834777832
3966,234,333,0.9996647834777832
3967,234,333,0.9996647834777832
3968,234,333,0.9996645450592041
3969,234,333,0.9996441602706909
3970,234,333,0.9996154308319092
3971,234,333,0.9996155500411987
3972,234,333,0.9996156692504883
3973,234,333,0.9996154308319092
3974,234,333,0.9996155500411987
3975,234,333,0.9996155500411987
3976,234,333,0.9996155500411987
3977,234,333,0.9996153116226196
3978,234,333,0.9996154308319092
3979,234,333,0.9996154308319092
3980,234,333,0.9996154308319092
3981,234,333,0.9996153116226196
3982,234,333,0.9996153116226196
3983,234,333,0.9996153116226196
3984,234,333,0.9996151924133301
3985,234,333,0.9996153116226196
3986,234,333,0.9996154308319092
3987,234,333,0.9996154308319092
3988,234,333,0.9996154308319092
3989,234,333,0.9996154308319092
3990,234,333,0.9996154308319092
3991,234,333,0.9996154308319092
3992,234,333,0.9996154308319092
3993,234,333,0.9996154308319092
3994,234,333,0.9996154308319092
3995,234,333,0.9996154308319092
3996,234,333,0.9996154308319092
3997,234,333,0.9996154308319092
3998,234,333,0.9996154308319092
3999,234,333,0.9996154308319092
4000,234,333,0.9996154308319092
4001,234,333,0.9996154308319092
4002,234,333,0.9996154308319092
4003,234,333,0.9996154308319092
4004,234,333,0.9996154308319092
4005,234,333,0.9996154308319092
4006,234,333,0.9996154308319092
4007,234,333,0.9996154308319092
4008,234,333,0.9996154308319092
4009,234,333,0.9996154308319092
4010,234,333,0.9996154308319092
4011,234,333,0.9996154308319092
4012,234,333,0.9996154308319092
4013,234,333,0.9996154308319092
4014,234,333,0.9996154308319092
4015,234,333,0.9996154308319092
4016,234,333,0.9996154308319092
4017,234,333,0.9996154308319092
4018,234,333,0.9996154308319092
4019,234,333,0.9996154308319092
4020,234,333,0.9996154308319092
4021,234,333,0.9996151924133301
4022,234,333,0.999614953994751
4023,234,333,0.9996148347854614
4024,234,333,0.9996139407157898
4025,234,333,0.9996155500411987
4026,258,333,0.9996157884597778
4027,30,369,0.9997510313987732
4028,162,333,0.9998164772987366
4029,168,351,0.9998569488525391
4030,30,357,0.9999133348464966
4031,594,765,0.9999556541442871
4032,798,765,0.999954104423523
4033,342,309,0.9999711513519287
4034,618,189,0.9999374151229858
4035,726,237,0.9999369382858276
4036,738,213,0.999902606010437
4037,834,165,0.9999260902404785
4038,834,165,0.9999265670776367
4039,834,165,0.9999264478683472
4040,714,237,0.9999288320541382
4041,810,885,0.9999558925628662
4042,930,261,0.9999409914016724
4043,1050,741,0.9999439716339111
4044,1242,453,0.9999536275863647
4045,234,453,0.9998356103897095
4046,138,741,0.9998132586479187
4047,42,309,0.9998488426208496
4048,66,381,0.9997113347053528
4049,1074,357,0.9997151494026184
4050,1074,357,0.9996998310089111
4051,1074,357,0.9997114539146423
4052,1074,357,0.9997014403343201
4053,1074,357,0.9996744394302368
4054,1074,357,0.9997053742408752
4055,1074,357,0.9997112154960632
4056,1278,753,0.9997476935386658
4057,1278,753,0.9998308420181274
4058,1278,753,0.9998774528503418
4059,1278,753,0.9998977184295654
4060,1278,753,0.9998979568481445
4061,1278,753,0.9998975992202759
4062,1278,753,0.9998975992202759
4063,1278,753,0.9998973608016968
4064,1278,753,0.999896764755249
4065,1278,753,0.9998968839645386
4066,1278,753,0.9998970031738281
4067,1278,753,0.9998977184295654
4068,1278,753,0.9998979568481445
4069,1278,753,0.999897837638855
4070,1278,753,0.9998977184295654
4071,1278,753,0.9998977184295654
4072,1278,753,0.9998972415924072
4073,1278,753,0.9998975992202759
4074,1278,753,0.9998970031738281
4075,1278,753,0.9998965263366699
4076,1278,753,0.9998964071273804
4077,1278,753,0.9998971223831177
4078,1278,753,0.999896764755249
4079,1278,753,0.9998965263366699
4080,1278,753,0.9998970031738281
4081,1278,753,0.9998972415924072
4082,1278,753,0.9998971223831177
4083,1278,753,0.9998970031738281
4084,1278,753,0.9998966455459595
4085,1278,753,0.9998970031738281
4086,1278,753,0.9998970031738281
4087,1278,753,0.9998970031738281
4088,1278,753,0.999896764755249
4089,1278,753,0.9998971223831177
4090,1278,753,0.9998970031738281
4091,1278,753,0.9998965263366699
4092,1278,753,0.9998966455459595
4093,1278,753,0.9998966455459595
4094,1278,753,0.999896764755249
4095,1278,753,0.9998968839645386
4096,1278,753,0.9999030828475952
4097,1278,753,0.9999074935913086
4098,1278,753,0.9999052286148071
4099,1278,753,0.9999052286148071
4100,1278,753,0.9999052286148071
4101,1278,753,0.999903678894043
4102,1278,753,0.9999043941497803
4103,1278,753,0.9999040365219116
4104,1278,753,0.9999052286148071
4105,1278,753,0.9999047517776489
4106,1278,753,0.999904990196228
4107,1278,753,0.999904990196228
4108,1278,753,0.9999059438705444
4109,1278,753,0.9999058246612549
4110,1278,753,0.9999053478240967
4111,1278,753,0.9999055862426758
4112,1278,753,0.9999061822891235
4113,1278,753,0.999906063079834
4114,1278,753,0.9999061822891235
4115,1278,753,0.9999061822891235
4116,1278,753,0.9999059438705444
4117,1278,753,0.9999057054519653
4118,1278,753,0.999902606010437
4119,1278,753,0.9998735189437866
4120,1218,789,0.9998302459716797
4121,1218,789,0.9996343851089478
4122,1218,789,0.9992271661758423
4123,678,753,0.9981282353401184
4124,1218,789,0.9955501556396484
4125,1218,789,0.9873279929161072
4126,1290,837,0.9643089175224304
4127,1290,837,0.917711079120636
4128,618,813,0.7664662003517151
4129,1236,1071,0.5066861510276794
4130,1236,1071,0.5066861510276794
4131,1236,1071,0.5066861510276794
4132,1236,1071,0.5066861510276794
4133,1236,1071,0.5066861510276794
